-- MySQL dump 10.13  Distrib 5.5.44, for debian-linux-gnu (x86_64)
--
-- Host: localhost    Database: dbdoconline_staging
-- ------------------------------------------------------
-- Server version	5.5.44-0ubuntu0.14.04.1

/*!40101 SET @OLD_CHARACTER_SET_CLIENT=@@CHARACTER_SET_CLIENT */;
/*!40101 SET @OLD_CHARACTER_SET_RESULTS=@@CHARACTER_SET_RESULTS */;
/*!40101 SET @OLD_COLLATION_CONNECTION=@@COLLATION_CONNECTION */;
/*!40101 SET NAMES utf8 */;
/*!40103 SET @OLD_TIME_ZONE=@@TIME_ZONE */;
/*!40103 SET TIME_ZONE='+00:00' */;
/*!40014 SET @OLD_UNIQUE_CHECKS=@@UNIQUE_CHECKS, UNIQUE_CHECKS=0 */;
/*!40014 SET @OLD_FOREIGN_KEY_CHECKS=@@FOREIGN_KEY_CHECKS, FOREIGN_KEY_CHECKS=0 */;
/*!40101 SET @OLD_SQL_MODE=@@SQL_MODE, SQL_MODE='NO_AUTO_VALUE_ON_ZERO' */;
/*!40111 SET @OLD_SQL_NOTES=@@SQL_NOTES, SQL_NOTES=0 */;

--
-- Table structure for table `card_details`
--

DROP TABLE IF EXISTS `card_details`;
/*!40101 SET @saved_cs_client     = @@character_set_client */;
/*!40101 SET character_set_client = utf8 */;
CREATE TABLE `card_details` (
  `id` int(11) NOT NULL AUTO_INCREMENT,
  `patient_id` int(11) DEFAULT NULL,
  `card_type` varchar(255) COLLATE utf8_unicode_ci DEFAULT NULL,
  `created_at` datetime DEFAULT NULL,
  `updated_at` datetime DEFAULT NULL,
  `validity` varchar(255) COLLATE utf8_unicode_ci DEFAULT NULL,
  `cvv` int(11) DEFAULT NULL,
  `number` varchar(255) COLLATE utf8_unicode_ci DEFAULT NULL,
  `user_id` int(11) DEFAULT NULL,
  PRIMARY KEY (`id`)
) ENGINE=InnoDB DEFAULT CHARSET=utf8 COLLATE=utf8_unicode_ci;
/*!40101 SET character_set_client = @saved_cs_client */;

--
-- Dumping data for table `card_details`
--

LOCK TABLES `card_details` WRITE;
/*!40000 ALTER TABLE `card_details` DISABLE KEYS */;
/*!40000 ALTER TABLE `card_details` ENABLE KEYS */;
UNLOCK TABLES;

--
-- Table structure for table `chat_messages`
--

DROP TABLE IF EXISTS `chat_messages`;
/*!40101 SET @saved_cs_client     = @@character_set_client */;
/*!40101 SET character_set_client = utf8 */;
CREATE TABLE `chat_messages` (
  `id` int(11) NOT NULL AUTO_INCREMENT,
  `chat_id` int(11) DEFAULT NULL,
  `message` varchar(255) COLLATE utf8_unicode_ci DEFAULT NULL,
  `created_at` datetime DEFAULT NULL,
  `updated_at` datetime DEFAULT NULL,
  PRIMARY KEY (`id`)
) ENGINE=InnoDB DEFAULT CHARSET=utf8 COLLATE=utf8_unicode_ci;
/*!40101 SET character_set_client = @saved_cs_client */;

--
-- Dumping data for table `chat_messages`
--

LOCK TABLES `chat_messages` WRITE;
/*!40000 ALTER TABLE `chat_messages` DISABLE KEYS */;
/*!40000 ALTER TABLE `chat_messages` ENABLE KEYS */;
UNLOCK TABLES;

--
-- Table structure for table `chats`
--

DROP TABLE IF EXISTS `chats`;
/*!40101 SET @saved_cs_client     = @@character_set_client */;
/*!40101 SET character_set_client = utf8 */;
CREATE TABLE `chats` (
  `id` int(11) NOT NULL AUTO_INCREMENT,
  `patient_id` int(11) DEFAULT NULL,
  `doctor_id` int(11) DEFAULT NULL,
  `chat_type` varchar(255) COLLATE utf8_unicode_ci DEFAULT NULL,
  `created_at` datetime DEFAULT NULL,
  `updated_at` datetime DEFAULT NULL,
  `message` text COLLATE utf8_unicode_ci,
  `history_id` int(11) DEFAULT NULL,
  `user_id` int(11) DEFAULT NULL,
  PRIMARY KEY (`id`)
) ENGINE=InnoDB AUTO_INCREMENT=6 DEFAULT CHARSET=utf8 COLLATE=utf8_unicode_ci;
/*!40101 SET character_set_client = @saved_cs_client */;

--
-- Dumping data for table `chats`
--

LOCK TABLES `chats` WRITE;
/*!40000 ALTER TABLE `chats` DISABLE KEYS */;
INSERT INTO `chats` VALUES (1,NULL,NULL,NULL,'2016-03-28 21:31:46','2016-03-28 21:31:46','test',636,352),(2,NULL,NULL,NULL,'2016-03-28 21:32:15','2016-03-28 21:32:15','testdoc',636,349),(3,NULL,NULL,NULL,'2016-03-28 21:35:16','2016-03-28 21:35:16','test again\r\n',606,349),(4,NULL,NULL,NULL,'2016-05-03 22:33:03','2016-05-03 22:33:03','medicina fulana de tal',1245,462),(5,NULL,NULL,NULL,'2016-05-03 22:33:14','2016-05-03 22:33:14','tomar dos veces al dia',1245,462);
/*!40000 ALTER TABLE `chats` ENABLE KEYS */;
UNLOCK TABLES;

--
-- Table structure for table `contacts`
--

DROP TABLE IF EXISTS `contacts`;
/*!40101 SET @saved_cs_client     = @@character_set_client */;
/*!40101 SET character_set_client = utf8 */;
CREATE TABLE `contacts` (
  `id` int(11) NOT NULL AUTO_INCREMENT,
  `name` varchar(255) COLLATE utf8_unicode_ci DEFAULT NULL,
  `email` varchar(255) COLLATE utf8_unicode_ci DEFAULT NULL,
  `country_code` varchar(255) COLLATE utf8_unicode_ci DEFAULT NULL,
  `mobile_no` varchar(255) COLLATE utf8_unicode_ci DEFAULT NULL,
  `message` text COLLATE utf8_unicode_ci,
  `created_at` datetime DEFAULT NULL,
  `updated_at` datetime DEFAULT NULL,
  PRIMARY KEY (`id`)
) ENGINE=InnoDB AUTO_INCREMENT=6 DEFAULT CHARSET=utf8 COLLATE=utf8_unicode_ci;
/*!40101 SET character_set_client = @saved_cs_client */;

--
-- Dumping data for table `contacts`
--

LOCK TABLES `contacts` WRITE;
/*!40000 ALTER TABLE `contacts` DISABLE KEYS */;
INSERT INTO `contacts` VALUES (1,'anil gupta','anil03gupta03@gmail.com','91','9870878040','Hello miDOConline!','2015-12-20 07:06:41','2015-12-20 07:06:41'),(2,'anil gupta demo','anil@gmail.com','91','sfdsfsf','hi test','2016-02-13 10:50:57','2016-02-13 10:50:57'),(3,'test','fdfds@fsdfsd.dfd','91','9878987364','test','2016-02-13 11:04:23','2016-02-13 11:04:23'),(4,'anil gupta contact','anil03gupta03@gmail.com','91','9870878040','hi All,\r\nWe are testing the doc app.\r\nI am tester to test the app for web App.','2016-03-09 07:02:55','2016-03-09 07:02:55'),(5,'Irishusbof','irish_tejeda60@rambler.ru','USA','','Welcome http://www.midoconline.com your discount code: jw2ddXeWLu8iBN \r\n \r\nSubscribe your suggestions via the contact form on the websites of companies to any country of the world.  \r\n \r\nCan order the test for $10 (send 10 thousand messages), then the Supplement, and continue on... \r\nBesides distribution, you can buy these base prices below. \r\nFrom sent out by the base removed and the official sites of the countries hosting sites. \r\nAlso you can buy the base hosting sites and official sites anywhere in the world. \r\nP.S. \r\nPlease Do not respond to it quotation from its mailbox, as it is created automatically and anywhere will not come! \r\nMailbox for communication: contact-forma@seznam.cz \r\n \r\nPrice-list 351  domains: \r\n \r\nHit of sales! 55089093 sites 28 countries of the European Union - $1200 \r\nHit of sales! .com 124228147  sites commercial - $1950 \r\nHit of sales! Enterprises and organizations of the Russian Federation - 2030078 contact-form - 150$ \r\nHit of sales! Base 15 Russian-speaking countries-CIS+Baltic States+State of Israel 811247 site - 100$ \r\nTop: 1355847 the best domains from all countries of the world - 100$ \r\nTop: 16821856 the most visited webdomains in the world - 250$ \r\n \r\n.com 124228147  sites commercial - $1950 \r\n.net 15689222  sites network - $450 \r\n.org 10922428  sites organization - $350 \r\n.info 5454638  sites information - $250 \r\n.biz 2361884  sites business - $150 \r\n.us 3139563 sites United States of America - $200 \r\n.us 578927  sites International zone USA:.com .net .biz .info .name .tel .mobi .asia .xxx, and so on - $80 \r\n.mx 609278  sites Mexico- $80 \r\n.mx 86593 sites International zone United Mexican States:.com .net .biz .info .name .tel .mobi .asia .xxx, and so on -$50 \r\n.at 1356722 sites Austria - $100 \r\n.at 181907 sites International zone Republic of Austria :.com .net .biz .info .name .tel .mobi .asia .xxx, and so on -$50 \r\n.ca 2587463  sites CAN- $150 \r\n.ca 288395 sites International zone Canada:.com .net .biz .info .name .tel .mobi .asia .xxx, and so on -$50 \r\n.cn 5970231  sites People\'s Republic of China - $250 \r\n.cn 1372416  sites International zone People\'s Republic of China:.com .net .biz .info .name .tel .mobi .asia .xxx, and so on -$100 \r\n.au 1699430  sites Australia - $100 \r\n.au 461279  sites International zone Australia:.com .net .biz .info .name .tel .mobi .asia .xxx, and so on -$80 \r\n.de 15078512  sites Federal Republic of Germany - $450 \r\n.de 3894156  sites International zone Germany:.com .net .biz .info .name .tel .mobi .asia .xxx, and so on -$200 \r\n.ar 551804  sites Argentina - $80 \r\n.br 2367290  sites Brazil - $150 \r\n.be 1349658  sites Kingdom of Belgium - $100 \r\n.ch 1471685  sites Switzerland - $100 \r\n.cl 302082  sites Chile - $80 \r\n.co 1577728  sites Republic of Colombia  - $100 \r\n.cz 900208  sites Czech Republic - $80 \r\n.dk 1320155  sites Denmark - $100 \r\n.es 1685048  sites Spain - $100 \r\n.eu 3321576  sites Europe - $150 \r\n.fr 2298045  sites French Republic - $150 \r\n.gr 356168  sites Greece - $80 \r\n.il 224167  sites Israel - $80 \r\n.il 38537  sites International zone State of Israel:.com .net .biz .info .name .tel .mobi .asia .xxx, and so on -$50 \r\n.io 149698  sites Brittish Indian Ocean - $50 \r\n.it 2255831  sites Italy - $150 \r\n.jp 1126243  sites Japan - $100 \r\n.kz 101069  sites Kazakhstan - $50 \r\n.kz 5876 sites International zone Kazakhstan:.com .net .biz .info .name .tel .mobi .asia .xxx, and so on \r\n.ua 286782  sites Ukraine - $80 \r\n.ua 117700 sites International zone UKR:.com .net .biz .info .name .tel .mobi .asia .xxx, and so on -$50 \r\n.ma 48825  sites Kingdom of Morocco - $50 \r\n.nl 2980711  sites Netherlands - $150 \r\n.my 283349  sites MYS- $80 \r\n.no 579185  sites Kingdom of Norway - $80 \r\n.nz 537127  sites NZL - $80 \r\n.pt 225136  sites Portugal - $80 \r\n.pl 1675325  sites Republic of Poland - $100 \r\n.se 112544  sites Kingdom Of Sweden - $50 \r\n.ro 430554  sites ROU - $80 \r\n.rs 75503  sites Republic of Serbia - $50 \r\n.sg 164351  sites Singapore - $50 \r\n.tk 15634253  sites Tokelau - $450 \r\n.za 803189  sites South Africa - $80 \r\n.tr 317690  sites Republic Of Turkey - $80 \r\n.tw 89857  sites Taiwan - $50 \r\n.tv 512500  sites TUV - $80 \r\n.uk 2679335  sites United Kingdom- $150 \r\n.ee 78161  sites Republic Of Estonia- $50 \r\n.ee 10490  sites International zone Estonia:.com .net .biz .info .name .tel .mobi .asia .xxx, and so on \r\n.asia 228418  sites - $80 \r\n.рф (.xn--p1ai) 869759  sites Russian Federation - $80 \r\n.com.ru, .net.ru, .org.ru, .spb.ru, .msk.ru  78068  sites Russia - $50 \r\n.su 125358  sites Russian Federation - $50 \r\n.ru 5075935  sites Russia - $250 \r\n.ru 514668 sites International zone Russian Federation:.com .net .biz .info .name .tel .mobi .asia .xxx, and so on -$80 \r\n.attorney 8224  sites attorneys and legal organizations- $50 \r\n.audio 23052  sites stereo/sound systems, music- $50 \r\n.az 11103  sites Azerbaijan Republic - $50 \r\n.az 2036  sites International zone Azerbaijan Republic:.com .net .biz .info .name .tel .mobi .asia .xxx, and so on \r\n.band 7390  sites - $50 \r\n.bayern 29871  sites - $50 \r\n.beer 11834  sites breweries and beer aficionados - $50 \r\n.berlin 58088  sites Berlin, Federal Republic of Germany- $50 \r\n.bg 13251  sites Republic Of Bulgaria - $50 \r\n.bi 1567  sites Burundi- $50 \r\n.bid 107425  sites - $50 \r\n.bike 13714  sites - $50 \r\n.bio 12702  sites biodiversity, biographies- $50 \r\n.black 6582  sites - $50 \r\n.blackfriday 12106  sites - $50 \r\n.blue 16852  sites - $50 \r\n.bm 8093  sites Bermuda - $50 \r\n.boutique 7523  sites - $50 \r\n.brussels 6114  sites - $50 \r\n.business 10803  sites - $50 \r\n.buzz 9367  sites - $50 \r\n.by 64847 sites Republic Of Belarus - $50 \r\n.by 1574 sites International zone Republic Of Belarus:.com .net .biz .info .name .tel .mobi .asia .xxx, and so on \r\n.bzh 5303  sites - $50 \r\n.cafe 5150  sites - $50 \r\n.camera 5236  sites - $50 \r\n.camp 5530  sites - $50 \r\n.cards 5067  sites - $50 \r\n.care 10766  sites - $50 \r\n.careers 6799  sites - $50 \r\n.casa 18918  sites - $50 \r\n.cat 66000  sites - $50 \r\n.cc 46723  sites  Cocos Islands- $50 \r\n.center 29966  sites - $50 \r\n.chat 7324  sites - $50 \r\n.christmas 15255  sites - $50 \r\n.church 12541  sites - $50 \r\n.ci 5664  sites Republic of Cote d\'Ivoire- $50 \r\n.city 16679  sites - $50 \r\n.click 181015  sites - $50 \r\n.clothing 13639  sites - $50 \r\n.club 564417  sites - $80 \r\n.cm 12002  sites Republic Of Cameroon- $50 \r\n.coach 5836  sites travel flights and motor coaches- $50 \r\n.coffee 10097  sites - $50 \r\n.cologne 5037  sites - $50 \r\n.com.cy 11092  sites - $50 \r\n.com.ni 23747  sites - $50 \r\n.com.np 32828  sites - $50 \r\n.community 8656  sites - $50 \r\n.company 42783  sites - $50 \r\n.construction 6404  sites - $50 \r\n.consulting 15520  sites - $50 \r\n.cool 10766  sites - $50 \r\n.coop 7500  sites - $50 \r\n.coop 7879  sites - $50 \r\n.country 7144  sites - $50 \r\n.cricket 33413  sites - $50 \r\n.cymru 5482  sites - $50 \r\n.date 116437  sites - $50 \r\n.deals 7532  sites - $50 \r\n.dental 5661  sites - $50 \r\n.design 23876  sites - $50 \r\n.diet 18291  sites - $50 \r\n.digital 12478  sites - $50 \r\n.direct 7942  sites - $50 \r\n.directory 18963  sites - $50 \r\n.do 5265  sites DOM- $50 \r\n.domains 7127  sites - $50 \r\n.download 25656  sites - $50 \r\n.edu.np 4183  sites higher education - $50 \r\n.education 17243  sites - $50 \r\n.email 53422  sites - $50 \r\n.enterprises 5053  sites - $50 \r\n.equipment 6898  sites - $50 \r\n.estate 10245  sites - $50 \r\n.events 15887  sites - $50 \r\n.expert 26846  sites - $50 \r\n.faith 39757  sites - $50 \r\n.farm 7902  sites - $50 \r\n.fashion 9313  sites - $50 \r\n.fi 116327  sites Republic Of Finland - $50 \r\n.fit 7047  sites - $50 \r\n.fitness 6973  sites - $50 \r\n.flowers 25590  sites - $50 \r\n.fo 3104  sites FRO - $50 \r\n.forsale 7446  sites - $50 \r\n.foundation 6241  sites - $50 \r\n.frl 12840  sites - $50 \r\n.gallery 16903  sites - $50 \r\n.gd 4248  sites - $50 \r\n.ge 17360  sites - $50 \r\n.gift 12281  sites - $50 \r\n.global 20196  sites - $50 \r\n.gov.np 1677 sites national and state government agencies- $50 \r\n.graphics 7855  sites - $50 \r\n.gt 15251  sites - $50 \r\n.guide 12044  sites - $50 \r\n.guru 65588  sites - $50 \r\n.gy 2667  sites - $50 \r\n.hamburg 22985  sites - $50 \r\n.healthcare 6183  sites - $50 \r\n.help 34800  sites - $50 \r\n.hiphop 7264  sites - $50 \r\n.hk 116193  sites - $50 \r\n.hk 44398  sites - $50 \r\n.hn 4742  sites - $50 \r\n.holdings 5212  sites - $50 \r\n.holiday 5217  sites - $50 \r\n.host 5730  sites - $50 \r\n.hosting 15132  sites - $50 \r\n.house 13832  sites - $50 \r\n.hr 33575  sites - $50 \r\n.hu 618632  sites - $80 \r\n.id 24222  sites - $50 \r\n.ie 196000  sites - $50 \r\n.immo 10768  sites - $50 \r\n.immobilien 7794  sites - $50 \r\n.in 1143582  sites Republic Of India - $100 \r\n.ink 8825  sites - $50 \r\n.institute 7311  sites - $50 \r\n.international 1828  sites international entities - $50 \r\n.ir 427835  sites Islamic Republic Of Iran- $80 \r\n.is 14876  sites Iceland - $50 \r\n.jobs 89950  sites Employment- $50 \r\n.kaufen 9134  sites - $50 \r\n.kg 8929  sites Kyrgyzstan - $50 \r\n.kim 36637  sites people named Kim- $50 \r\n.kitchen 5822  sites - $50 \r\n.kiwi 9972  sites - $50 \r\n.koeln 23485  sites - $50 \r\n.kr 205547  sites Republic of Korea- $50 \r\n.la 32000  sites Lao People\'s Democratic Republic - $50 \r\n.land 14274  sites real estate- $50 \r\n.lawyer 12830  sites lawyers and legal organizations - $50 \r\n.legal 7022  sites legal organizations and lawyers- $50 \r\n.life 29931  sites - $50 \r\n.lighting 5876  sites - $50 \r\n.link 209593  sites - $50 \r\n.live 13848  sites - $50 \r\n.loan 148407  sites lenders and banks- $50 \r\n.lol 59470  sites laughing out loud- $50 \r\n.london 60443  sites London, United Kingdom- $50 \r\n.love 15287  sites dating sites- $50 \r\n.lt 51083  sites Lithuania- $50 \r\n.lt 27710  sites International zone Republic Of Lithuania:.com .net .biz .info .name .tel .mobi .asia .xxx, and so on \r\n.lu 14194  sites Luxembourg - $50 \r\n.lv 32886  sites Latvia- $50 \r\n.lv 8887 sites International zone Latvia:.com .net .biz .info .name .tel .mobi .asia .xxx, and so on \r\n.management 9288 sites business management - $50 \r\n.market 8350  sites retailers and marketing services- $50 \r\n.marketing 14262  sites marketing services- $50 \r\n.mc 2700  sites Principality Of Monaco - $50 \r\n.md 10425  sites Republic Of Moldova - $50 \r\n.me 761696  sites Montenegro - $80 \r\n.media 22231  sites general media interests - $50 \r\n.melbourne 8252  sites - $50 \r\n.menu 6512  sites restaurants- $50 \r\n.mg 3330  sites Republic Of Madagascar- $50 \r\n.miami 13231  sites Miami, United States of America - $50 \r\n.mobi 688419  sites mobile devices - $80 \r\n.money 5228  sites financial- $50 \r\n.moscow 22067  sites Moscow Russia- $50 \r\n.mw 1744  sites Malawi - $50 \r\n.name 130818  sites by name, individuals - $50 \r\n.network 13837  sites - $50 \r\n.news 59662  sites news sites- $50 \r\n.ninja 49007  sites - $50 \r\n.nrw 9596  sites - $50 \r\n.nu 39710  sites Niue- $50 \r\n.nyc 73153  sites - $50 \r\n.one 47863  sites - $50 \r\n.online 135973  sites - $50 \r\n.ooo 13427  sites - $50 \r\n.org.np 6317  sites - $50 \r\n.org.ua 41372  sites - $50 \r\n.ovh 39855  sites - $50 \r\n.paris 19783  sites - $50 \r\n.party 222578  sites nightclubs and social gatherings- $50 \r\n.pe 16586  sites Republic Of Peru - $50 \r\n.pg 1829  sites Papua New Guinea - $50 \r\n.ph 17960  sites Republic Of The Philippines - $50 \r\n.photo 22865  sites photo-sharing and photography - $50 \r\n.photography 50934  sites photo-sharing and photography- $50 \r\n.photos 18750  sites photo-sharing and photography- $50 \r\n.pics 29821  sites photo-sharing and photography- $50 \r\n.pictures 6207  sites photography and photo-sharing- $50 \r\n.pink 14373  sites those who like the color pink- $50 \r\n.pk 44474  sites Islamic Republic Of Pakistan - $50 \r\n.porn 13023  sites pornography - $50 \r\n.press 8736  sites - $50 \r\n.pro 118600  sites professions- $50 \r\n.properties 10475  sites - $50 \r\n.property 41366  sites - $50 \r\n.pub 42703  sites - $50 \r\n.quebec 10402  sites - $50 \r\n.racing 27001  sites - $50 \r\n.realtor 73465  sites - $50 \r\n.red 71773  sites - $50 \r\n.ren 237303  sites - $50 \r\n.rentals 10823  sites short-term ownership - $50 \r\n.repair 6228  sites general repair/maintenance businesses- $50 \r\n.restaurant 5299  sites - $50 \r\n.review 65390  sites public reviews- $50 \r\n.reviews 16732  sites public reviews- $50 \r\n.rocks 57908  sites - $50 \r\n.ru.com  6500  sites Russia - $50 \r\n.ruhr 11118  sites - $50 \r\n.sa 8605  sites Saudi Arabia- $50 \r\n.sale 7850  sites - $50 \r\n.sc 5318  sites Republic Of Seychelles- $50 \r\n.school 5812  sites - $50 \r\n.science 337115  sites - $80 \r\n.scot 10675  sites - $50 \r\n.services 20796  sites - $50 \r\n.sex 8655  sites - $50 \r\n.sexy 22260  sites - $50 \r\n.shoes 5597  sites - $50 \r\n.si 39753  sites Republic Of Slovenia- $50 \r\n.singles 5559  sites - $50 \r\n.site 86601  sites - $50 \r\n.sk 347101  sites Slovakia- $80 \r\n.ski 6771  sites - $50 \r\n.social 15208  sites - $50 \r\n.software 9450  sites - $50 \r\n.solar 6067  sites - $50 \r\n.solutions 43143  sites - $50 \r\n.space 112426  sites - $50 \r\n.studio 5101  sites - $50 \r\n.sucks 7083  sites - $50 \r\n.support 15577  sites - $50 \r\n.sv 7878  sites El Salvador- $50 \r\n.swiss 6300  sites - $50 \r\n.sydney 7837  sites - $50 \r\n.systems 17893  sites - $50 \r\n.tattoo 7554  sites tattoo aficionados- $50 \r\n.tc 16394  sites Turks and Caicos Islands- $50 \r\n.team 5128  sites team sports- $50 \r\n.tech 27200  sites - $50 \r\n.technology 23981 sites technology- $50 \r\n.tel 116752  sites Internet communication services- $50 \r\n.th 23968  sites Kingdom Of Thailand- $50 \r\n.tips 34287  sites general help topics- $50 \r\n.tj 6504  sites Republic Of Tajikistan- $50 \r\n.to 16327  sites Tonga- $50 \r\n.today 47996  sites - $50 \r\n.tokyo 45233  sites - $50 \r\n.tools 6469  sites manufacturing industries - $50 \r\n.top 1031307  sites - $100 \r\n.trade 23418  sites businesses- $50 \r\n.training 15992  sites training and how-tos - $50 \r\n.travel 18000  sites travel and tourism industry related- $50 \r\n.uno 19394  sites - $50 \r\n.uy 12673  sites Eastern Republic Of Uruguay- $50 \r\n.ve 14018  sites Bolivarian Republic Of Venezuela - $50 \r\n.vegas 12948  sites Las Vegas NV United States of America - $50 \r\n.ventures 7366  sites - $50 \r\n.vg 8393  sites VGB- $50 \r\n.video 11804  sites video sharing- $50 \r\n.vlaanderen 6262  sites - $50 \r\n.vn 76661  sites Socialist Republic Of Vietnam- $50 \r\n.wales 11463  sites - $50 \r\n.wang 629622  sites - $80 \r\n.watch 5080  sites Watches - $50 \r\n.webcam 71942  sites web cam shows and video sharing- $50 \r\n.website 122048  sites - $50 \r\n.wedding 6864  sites wedding-oriented businesses - $50 \r\n.wien 13064  sites - $50 \r\n.wiki 14629  sites wikis - $50 \r\n.win 591324  sites - $50 \r\n.work 95686  sites - $50 \r\n.works 8712  sites - $50 \r\n.world 26145  sites - $50 \r\n.ws 36610  sites Independent State Of Samoa- $50 \r\n.wtf 6848  sites - $50 \r\n.xin 58102  sites - $50 \r\n.xn--3ds443g 35898  sites - $50 \r\n.xn--55qx5d 48356  sites - $50 \r\n.xn--6qq986b3xl 22488  sites - $50 \r\n.xn--czru2d 11620  sites - $50 \r\n.xn--fiq228c5hs 17945  sites - $50 \r\n.xn--io0a7i 31399  sites - $50 \r\n.xn--j6w193g 31776  sites - $50 \r\n.xn--kput3i 19501  sites - $50 \r\n.xn--mgberp4a5d4ar 2536  sites - $50 \r\n.xn--rhqv96g 7723  sites - $50 \r\n.xn--ses554g 344539  sites - $80 \r\n.xxx 119879  sites adult entertainment- $50 \r\n.xyz 1790370  sites - $50 \r\n.yoga 7093  sites - $50 \r\n.zone 14029  sites - $50 \r\n.москва (.xn--80adxhks) 19582  sites Moscow Russian Federation - $50 \r\n.укр (.xn--j1amh) 10563  sites UKR - $50 \r\n.academy 21046  sites academic institutes- $50 \r\n.accountant 15675 sites accountants and accounting firms - $50 \r\n.adult 10540  sites adult entertainment - $50 \r\n.ae 13405  sites UAE - $50 \r\n.aero  18325  sites air-transport industry - $50 \r\n.agency 25318  sites business associations - $50 \r\n.am 9025  sites Armenia- $50 \r\n.am 1684  sites International zone Armenia:.com .net .biz .info .name .tel .mobi .asia .xxx, and so on \r\n.amsterdam 26141  sites Amsterdam, Kingdom of the Netherlands - $50 \r\nLiveInternet - 904529 domains + Hotlog - 147356 domains + Yandex Catalog - 125831 domains + List.mail.ru Directory - 107639 domains - 100$ \r\nDMOZ Directory 3051246 domain names from them 89923 in the Russian-speaking area - 150$','2016-06-02 10:50:40','2016-06-02 10:50:40');
/*!40000 ALTER TABLE `contacts` ENABLE KEYS */;
UNLOCK TABLES;

--
-- Table structure for table `devices`
--

DROP TABLE IF EXISTS `devices`;
/*!40101 SET @saved_cs_client     = @@character_set_client */;
/*!40101 SET character_set_client = utf8 */;
CREATE TABLE `devices` (
  `id` int(11) NOT NULL AUTO_INCREMENT,
  `user_id` int(11) DEFAULT NULL,
  `token` text COLLATE utf8_unicode_ci,
  `device_type` varchar(255) COLLATE utf8_unicode_ci DEFAULT NULL,
  `created_at` datetime DEFAULT NULL,
  `updated_at` datetime DEFAULT NULL,
  PRIMARY KEY (`id`)
) ENGINE=InnoDB AUTO_INCREMENT=53 DEFAULT CHARSET=utf8 COLLATE=utf8_unicode_ci;
/*!40101 SET character_set_client = @saved_cs_client */;

--
-- Dumping data for table `devices`
--

LOCK TABLES `devices` WRITE;
/*!40000 ALTER TABLE `devices` DISABLE KEYS */;
INSERT INTO `devices` VALUES (26,316,'359301059181676','android','2016-02-28 14:48:11','2016-02-28 14:48:11'),(27,316,'353326066940018','android','2016-02-28 18:02:56','2016-02-28 18:02:56'),(37,316,'357996069201760',NULL,'2016-04-05 18:52:07','2016-04-05 18:52:07'),(44,316,'911407307698436',NULL,'2016-06-23 17:44:26','2016-06-23 17:44:26'),(45,490,'(null)',NULL,'2016-06-28 23:28:48','2016-06-28 23:28:48'),(46,477,'352116069964920','android','2016-06-30 03:43:08','2016-06-30 03:43:08'),(47,482,'353933056967461','android','2016-07-21 17:07:29','2016-07-21 17:07:29'),(48,483,'868702026251480','android','2016-07-21 19:53:14','2016-07-21 19:53:14'),(49,484,'869087021360489','android','2016-07-22 15:47:21','2016-07-22 15:47:21'),(50,488,'860068032643757','android','2016-08-09 17:26:21','2016-08-09 17:26:21'),(51,489,'356149060893026',NULL,'2016-08-15 17:52:53','2016-08-15 17:52:53'),(52,488,'014273000672136',NULL,'2016-08-15 23:12:13','2016-08-15 23:12:13');
/*!40000 ALTER TABLE `devices` ENABLE KEYS */;
UNLOCK TABLES;

--
-- Table structure for table `histories`
--

DROP TABLE IF EXISTS `histories`;
/*!40101 SET @saved_cs_client     = @@character_set_client */;
/*!40101 SET character_set_client = utf8 */;
CREATE TABLE `histories` (
  `id` int(11) NOT NULL AUTO_INCREMENT,
  `receiver_id` int(11) DEFAULT NULL,
  `caller_id` int(11) DEFAULT NULL,
  `created_at` datetime DEFAULT NULL,
  `updated_at` datetime DEFAULT NULL,
  `started_time` datetime DEFAULT NULL,
  `duration` float DEFAULT NULL,
  `chat_type` varchar(255) COLLATE utf8_unicode_ci DEFAULT NULL,
  `call_status` varchar(255) COLLATE utf8_unicode_ci DEFAULT NULL,
  `notified` tinyint(1) DEFAULT NULL,
  `amount` float DEFAULT NULL,
  `currency` varchar(255) COLLATE utf8_unicode_ci DEFAULT NULL,
  `qb_caller_id` varchar(255) COLLATE utf8_unicode_ci DEFAULT NULL,
  `qb_receiver_id` varchar(255) COLLATE utf8_unicode_ci DEFAULT NULL,
  `paid_to_doctor` tinyint(1) DEFAULT NULL,
  `paid_date` datetime DEFAULT NULL,
  PRIMARY KEY (`id`)
) ENGINE=InnoDB AUTO_INCREMENT=1622 DEFAULT CHARSET=utf8 COLLATE=utf8_unicode_ci;
/*!40101 SET character_set_client = @saved_cs_client */;

--
-- Dumping data for table `histories`
--

LOCK TABLES `histories` WRITE;
/*!40000 ALTER TABLE `histories` DISABLE KEYS */;
INSERT INTO `histories` VALUES (1466,475,476,'2016-06-28 23:39:32','2016-06-28 23:39:51','2016-06-28 23:45:12',0.17,'video','completed',NULL,700,'dollar',NULL,NULL,NULL,NULL),(1467,475,476,'2016-06-28 23:40:23','2016-06-28 23:40:35','2016-06-28 23:46:02',0.11,'video','completed',NULL,700,'dollar',NULL,NULL,NULL,NULL),(1468,475,476,'2016-06-28 23:54:35','2016-06-28 23:54:51','2016-06-29 00:00:14',0.12,'video','completed',0,700,'dollar',NULL,NULL,NULL,NULL),(1469,476,475,'2016-06-28 23:59:50','2016-06-29 00:00:01','2016-06-29 00:05:30',0.08,'video','completed',0,0,'dollar',NULL,NULL,NULL,NULL),(1470,316,317,'2016-07-01 20:22:49','2016-07-01 20:23:06','2016-07-01 20:28:31',0.17,'video','completed',NULL,0,'dollar',NULL,NULL,NULL,NULL),(1471,316,317,'2016-07-01 20:31:26','2016-07-01 20:31:26','2016-07-01 20:37:10',NULL,'video','started',NULL,0,'dollar',NULL,NULL,NULL,NULL),(1472,475,476,'2016-07-04 16:00:11','2016-07-04 16:00:22','2016-07-04 16:05:57',0.09,'video','completed',NULL,700,'dollar',NULL,NULL,NULL,NULL),(1473,476,475,'2016-07-04 16:03:43','2016-07-04 16:03:53','2016-07-04 16:09:29',0.07,'video','completed',0,0,'dollar',NULL,NULL,NULL,NULL),(1474,476,475,'2016-07-04 16:05:44','2016-07-04 16:05:44','2016-07-04 16:11:31',NULL,'video','started',NULL,0,'dollar',NULL,NULL,NULL,NULL),(1475,317,479,'2016-07-05 14:36:04','2016-07-05 14:36:04','2016-07-05 14:36:04',NULL,'audio_call','started',NULL,40,'usd','14634293','9577374',NULL,NULL),(1476,317,479,'2016-07-05 14:39:31','2016-07-05 14:39:31','2016-07-05 14:39:31',NULL,'audio_call','started',NULL,40,'usd','14634293','9577374',NULL,NULL),(1477,317,479,'2016-07-05 14:39:40','2016-07-05 14:39:40','2016-07-05 14:39:40',NULL,'audio_call','started',NULL,40,'usd','14634293','9577374',NULL,NULL),(1478,317,479,'2016-07-05 14:48:52','2016-07-05 14:48:52','2016-07-05 14:48:52',NULL,'audio_call','started',NULL,40,'usd','14634293','9577374',NULL,NULL),(1479,317,479,'2016-07-05 14:49:03','2016-07-05 14:49:03','2016-07-05 14:49:03',NULL,'audio_call','started',NULL,40,'usd','14634293','9577374',NULL,NULL),(1480,317,479,'2016-07-05 14:49:27','2016-07-05 14:49:27','2016-07-05 14:49:27',NULL,'audio_call','started',NULL,40,'usd','14634293','9577374',NULL,NULL),(1481,317,479,'2016-07-05 15:03:51','2016-07-05 15:03:51','2016-07-05 15:03:51',NULL,'audio_call','started',NULL,40,'usd','14634293','9577374',NULL,NULL),(1482,476,479,'2016-07-05 15:04:12','2016-07-05 15:04:12','2016-07-05 15:04:12',NULL,'audio_call','started',NULL,40,'usd','14634293','14346244',NULL,NULL),(1483,477,479,'2016-07-05 15:04:17','2016-07-05 15:04:17','2016-07-05 15:04:17',NULL,'audio_call','started',NULL,40,'usd','14634293','14387540',NULL,NULL),(1484,317,479,'2016-07-05 15:13:19','2016-07-05 15:13:19','2016-07-05 15:13:19',NULL,'audio_call','started',NULL,40,'usd','14634293','9577374',NULL,NULL),(1485,317,479,'2016-07-05 15:13:44','2016-07-05 15:13:44','2016-07-05 15:13:44',NULL,'audio_call','started',NULL,40,'usd','14634293','9577374',NULL,NULL),(1486,317,479,'2016-07-05 15:15:47','2016-07-05 15:15:47','2016-07-05 15:15:47',NULL,'audio_call','started',NULL,40,'usd','14634293','9577374',NULL,NULL),(1487,317,479,'2016-07-05 15:17:44','2016-07-05 15:17:44','2016-07-05 15:17:44',NULL,'audio_call','started',NULL,40,'usd','14634293','9577374',NULL,NULL),(1488,317,479,'2016-07-05 15:17:51','2016-07-05 15:17:51','2016-07-05 15:17:51',NULL,'audio_call','started',NULL,40,'usd','14634293','9577374',NULL,NULL),(1489,317,479,'2016-07-05 15:41:12','2016-07-05 15:41:12','2016-07-05 15:41:12',NULL,'audio_call','started',NULL,40,'usd','14634293','9577374',NULL,NULL),(1490,317,479,'2016-07-05 15:41:12','2016-07-05 15:41:12','2016-07-05 15:41:12',NULL,'audio_call','started',NULL,40,'usd','14634293','9577374',NULL,NULL),(1491,316,317,'2016-07-07 18:02:00','2016-07-07 18:02:01','2016-07-07 18:07:51',NULL,'video','received',0,0,'dollar',NULL,NULL,NULL,NULL),(1492,316,317,'2016-07-07 18:07:09','2016-07-07 18:07:27','2016-07-07 18:13:01',0.15,'video','completed',0,0,'dollar',NULL,NULL,NULL,NULL),(1493,316,317,'2016-07-08 17:59:33','2016-07-08 18:00:37','2016-07-08 18:05:26',1,'video','completed',0,0,'dollar',NULL,NULL,NULL,NULL),(1494,475,476,'2016-07-08 23:56:06','2016-07-08 23:56:16','2016-07-09 00:01:59',0.08,'video','completed',NULL,700,'dollar',NULL,NULL,NULL,NULL),(1495,476,475,'2016-07-08 23:57:06','2016-07-08 23:57:13','2016-07-09 00:03:00',0.04,'video','completed',0,0,'dollar',NULL,NULL,NULL,NULL),(1496,475,476,'2016-07-11 18:12:58','2016-07-11 18:13:01','2016-07-11 18:18:54',0.02,'video','completed',NULL,700,'dollar',NULL,NULL,NULL,NULL),(1497,475,476,'2016-07-11 18:14:13','2016-07-11 18:14:18','2016-07-11 18:20:09',0.04,'video','completed',NULL,700,'dollar',NULL,NULL,NULL,NULL),(1498,475,476,'2016-07-11 23:44:33','2016-07-11 23:44:39','2016-07-11 23:50:30',0.05,'video','completed',NULL,700,'dollar',NULL,NULL,NULL,NULL),(1499,475,482,'2016-07-21 17:09:42','2016-07-21 17:09:42','2016-07-21 17:15:46',NULL,'video','started',NULL,700,'dollar',NULL,NULL,NULL,NULL),(1500,475,476,'2016-07-21 23:09:32','2016-07-21 23:09:40','2016-07-21 23:15:42',0.08,'video','completed',NULL,700,'dollar',NULL,NULL,NULL,NULL),(1501,475,476,'2016-07-21 23:11:07','2016-07-21 23:11:12','2016-07-21 23:17:17',0.03,'video','completed',0,700,'dollar',NULL,NULL,NULL,NULL),(1502,475,476,'2016-07-21 23:13:24','2016-07-21 23:13:31','2016-07-21 23:19:34',0.06,'video','completed',NULL,700,'dollar',NULL,NULL,NULL,NULL),(1503,475,476,'2016-07-21 23:18:42','2016-07-21 23:18:54','2016-07-21 23:24:51',0.11,'video','completed',NULL,700,'dollar',NULL,NULL,NULL,NULL),(1504,475,483,'2016-07-22 15:07:40','2016-07-22 15:07:40','2016-07-22 15:13:51',NULL,'video','started',NULL,700,'dollar',NULL,NULL,NULL,NULL),(1505,475,483,'2016-07-22 15:18:27','2016-07-22 15:18:27','2016-07-22 15:24:37',NULL,'video','started',NULL,700,'dollar',NULL,NULL,NULL,NULL),(1506,475,483,'2016-07-22 23:07:35','2016-07-22 23:08:04','2016-07-22 23:13:47',NULL,'video','received',0,700,'dollar',NULL,NULL,NULL,NULL),(1507,475,483,'2016-07-22 23:10:02','2016-07-22 23:10:02','2016-07-22 23:16:13',NULL,'video','started',NULL,700,'dollar',NULL,NULL,NULL,NULL),(1508,475,483,'2016-07-26 20:16:19','2016-07-26 20:16:19','2016-07-26 20:22:35',NULL,'video','started',NULL,700,'dollar',NULL,NULL,NULL,NULL),(1509,480,483,'2016-07-26 20:20:51','2016-07-26 20:20:51','2016-07-26 20:27:08',NULL,'video','started',NULL,700,'dollar',NULL,NULL,NULL,NULL),(1510,475,487,'2016-08-04 18:55:07','2016-08-04 18:55:56','2016-08-04 17:01:35',0.46,'video','completed',NULL,700,'dollar',NULL,NULL,NULL,NULL),(1511,475,488,'2016-08-09 17:29:46','2016-08-09 17:41:26','2016-08-09 17:36:21',44186000,'video','received',0,700,'dollar',NULL,NULL,NULL,NULL),(1512,488,475,'2016-08-09 17:41:24','2016-08-09 17:43:35','2016-08-09 17:47:58',2.07,'video','completed',0,0,'dollar',NULL,NULL,NULL,NULL),(1513,489,488,'2016-08-12 23:47:04','2016-08-12 23:47:04','2016-08-12 23:53:42',NULL,'video','started',NULL,700,'dollar',NULL,NULL,NULL,NULL),(1514,489,488,'2016-08-12 23:48:21','2016-08-12 23:51:38','2016-08-12 23:55:00',0,'video','received',0,700,'dollar',NULL,NULL,NULL,NULL),(1515,488,489,'2016-08-12 23:51:37','2016-08-12 23:51:44','2016-08-12 23:58:15',0.05,'video','completed',NULL,0,'dollar',NULL,NULL,NULL,NULL),(1516,489,488,'2016-08-15 15:51:51','2016-08-15 15:51:51','2016-08-15 15:58:32',NULL,'video','started',NULL,700,'dollar',NULL,NULL,NULL,NULL),(1517,489,488,'2016-08-15 15:52:02','2016-08-15 15:52:02','2016-08-15 15:58:44',NULL,'video','started',NULL,700,'dollar',NULL,NULL,NULL,NULL),(1518,489,488,'2016-08-15 15:52:42','2016-08-15 15:52:42','2016-08-15 15:59:24',NULL,'video','started',NULL,700,'dollar',NULL,NULL,NULL,NULL),(1519,489,488,'2016-08-15 15:54:04','2016-08-15 15:57:01','2016-08-15 16:00:46',220349000,'video','completed',0,700,'dollar',NULL,NULL,NULL,NULL),(1520,488,489,'2016-08-15 15:54:41','2016-08-15 15:57:02','2016-08-15 16:01:23',2.15,'video','completed',0,0,'dollar',NULL,NULL,NULL,NULL),(1521,489,488,'2016-08-15 15:57:44','2016-08-15 15:57:44','2016-08-15 16:04:26',NULL,'video','started',NULL,700,'dollar',NULL,NULL,NULL,NULL),(1522,489,488,'2016-08-15 16:03:46','2016-08-15 16:06:50','2016-08-15 16:10:28',220938000,'video','completed',0,700,'dollar',NULL,NULL,NULL,NULL),(1523,488,489,'2016-08-15 16:04:44','2016-08-15 16:06:52','2016-08-15 16:11:26',2.04,'video','completed',0,0,'dollar',NULL,NULL,NULL,NULL),(1524,489,488,'2016-08-15 16:06:59','2016-08-15 16:06:59','2016-08-15 16:13:41',NULL,'video','started',NULL,700,'dollar',NULL,NULL,NULL,NULL),(1525,489,488,'2016-08-15 16:07:25','2016-08-15 16:09:01','2016-08-15 16:14:07',221056000,'video','received',0,700,'dollar',NULL,NULL,NULL,NULL),(1526,488,489,'2016-08-15 16:08:59','2016-08-15 16:09:03','2016-08-15 16:15:41',0.01,'video','completed',NULL,0,'dollar',NULL,NULL,NULL,NULL),(1527,488,489,'2016-08-15 16:09:19','2016-08-15 16:09:30','2016-08-15 16:16:02',0.08,'video','completed',0,0,'dollar',NULL,NULL,NULL,NULL),(1528,489,488,'2016-08-15 16:10:33','2016-08-15 16:11:47','2016-08-15 16:17:15',221233000,'video','completed',0,700,'dollar',NULL,NULL,NULL,NULL),(1529,489,488,'2016-08-15 16:12:26','2016-08-15 16:12:26','2016-08-15 16:19:08',NULL,'video','started',NULL,700,'dollar',NULL,NULL,NULL,NULL),(1530,489,488,'2016-08-15 16:13:32','2016-08-15 16:13:32','2016-08-15 16:20:14',NULL,'video','started',NULL,700,'dollar',NULL,NULL,NULL,NULL),(1531,489,488,'2016-08-15 16:26:14','2016-08-15 16:26:14','2016-08-15 16:32:56',NULL,'video','started',NULL,700,'dollar',NULL,NULL,NULL,NULL),(1532,489,488,'2016-08-15 16:27:17','2016-08-15 16:34:21','2016-08-15 16:33:59',222589000,'video','completed',0,700,'dollar',NULL,NULL,NULL,NULL),(1533,488,489,'2016-08-15 16:33:49','2016-08-15 16:34:22','2016-08-15 16:40:29',0.31,'video','completed',NULL,0,'dollar',NULL,NULL,NULL,NULL),(1534,489,488,'2016-08-15 16:35:16','2016-08-15 16:36:35','2016-08-15 16:41:58',0,'video','completed',0,700,'dollar',NULL,NULL,NULL,NULL),(1535,489,488,'2016-08-15 17:37:39','2016-08-15 17:37:39','2016-08-15 17:44:19',NULL,'video','started',NULL,700,'dollar',NULL,NULL,NULL,NULL),(1536,489,488,'2016-08-15 17:38:37','2016-08-15 17:39:36','2016-08-15 17:45:19',226492000,'video','completed',0,700,'dollar',NULL,NULL,NULL,NULL),(1537,488,489,'2016-08-15 17:39:27','2016-08-15 17:39:36','2016-08-15 17:46:09',0.08,'video','completed',NULL,0,'dollar',NULL,NULL,NULL,NULL),(1538,489,488,'2016-08-15 17:39:58','2016-08-15 17:39:58','2016-08-15 17:46:40',NULL,'video','started',NULL,700,'dollar',NULL,NULL,NULL,NULL),(1539,489,488,'2016-08-15 17:45:58','2016-08-15 17:45:58','2016-08-15 17:52:40',NULL,'video','started',NULL,700,'dollar',NULL,NULL,NULL,NULL),(1540,489,488,'2016-08-15 17:51:28','2016-08-15 17:51:28','2016-08-15 17:58:09',NULL,'video','started',NULL,700,'dollar',NULL,NULL,NULL,NULL),(1541,489,488,'2016-08-15 17:53:57','2016-08-15 17:55:16','2016-08-15 18:00:39',227372000,'video','completed',0,700,'dollar',NULL,NULL,NULL,NULL),(1542,489,488,'2016-08-15 17:56:37','2016-08-15 17:57:23','2016-08-15 18:03:19',227468000,'video','completed',0,700,'dollar',NULL,NULL,NULL,NULL),(1543,489,488,'2016-08-15 17:58:08','2016-08-15 17:58:08','2016-08-15 18:04:50',NULL,'video','started',NULL,700,'dollar',NULL,NULL,NULL,NULL),(1544,490,488,'2016-08-15 18:02:56','2016-08-15 18:02:56','2016-08-15 18:09:38',NULL,'video','started',NULL,700,'dollar',NULL,NULL,NULL,NULL),(1545,490,488,'2016-08-15 18:03:46','2016-08-15 18:04:01','2016-08-15 18:10:28',227866000,'video','completed',0,700,'dollar',NULL,NULL,NULL,NULL),(1546,489,488,'2016-08-15 18:04:31','2016-08-15 18:04:31','2016-08-15 18:11:13',NULL,'video','started',NULL,700,'dollar',NULL,NULL,NULL,NULL),(1547,489,488,'2016-08-15 18:05:19','2016-08-15 18:06:50','2016-08-15 18:12:01',228025000,'video','completed',0,700,'dollar',NULL,NULL,NULL,NULL),(1548,488,489,'2016-08-15 18:06:40','2016-08-15 18:06:51','2016-08-15 18:13:22',0.07,'video','completed',0,0,'dollar',NULL,NULL,NULL,NULL),(1549,489,478,'2016-08-15 18:37:05','2016-08-15 18:37:58','2016-08-15 18:43:47',0.49,'video','completed',0,700,'dollar',NULL,NULL,NULL,NULL),(1550,491,488,'2016-08-15 23:13:25','2016-08-15 23:13:25','2016-08-15 23:20:07',NULL,'video','started',NULL,700,'dollar',NULL,NULL,NULL,NULL),(1551,491,488,'2016-08-15 23:16:12','2016-08-15 23:16:12','2016-08-15 23:22:54',NULL,'video','started',NULL,700,'dollar',NULL,NULL,NULL,NULL),(1552,488,491,'2016-08-15 23:17:30','2016-08-15 23:17:30','2016-08-15 23:24:11',NULL,'video','started',NULL,0,'dollar',NULL,NULL,NULL,NULL),(1553,488,491,'2016-08-15 23:19:07','2016-08-15 23:19:07','2016-08-15 23:25:48',NULL,'video','started',NULL,0,'dollar',NULL,NULL,NULL,NULL),(1554,488,491,'2016-08-15 23:20:37','2016-08-15 23:20:37','2016-08-15 23:27:19',NULL,'video','started',NULL,0,'dollar',NULL,NULL,NULL,NULL),(1555,491,488,'2016-08-15 23:24:55','2016-08-15 23:24:55','2016-08-15 23:31:37',NULL,'video','started',NULL,700,'dollar',NULL,NULL,NULL,NULL),(1556,491,488,'2016-08-15 23:26:31','2016-08-15 23:26:31','2016-08-15 23:33:14',NULL,'video','started',NULL,700,'dollar',NULL,NULL,NULL,NULL),(1557,488,491,'2016-08-15 23:27:13','2016-08-15 23:27:13','2016-08-15 23:33:54',NULL,'video','started',NULL,0,'dollar',NULL,NULL,NULL,NULL),(1558,488,491,'2016-08-15 23:41:42','2016-08-15 23:41:42','2016-08-15 23:48:24',NULL,'video','started',NULL,0,'dollar',NULL,NULL,NULL,NULL),(1559,491,488,'2016-08-15 23:49:30','2016-08-15 23:54:07','2016-08-15 23:56:13',242831000,'video','completed',0,700,'dollar',NULL,NULL,NULL,NULL),(1560,488,491,'2016-08-15 23:49:38','2016-08-15 23:51:50','2016-08-15 23:56:19',3831760,'video','completed',0,0,'dollar',NULL,NULL,NULL,NULL),(1561,488,491,'2016-08-15 23:52:26','2016-08-15 23:52:26','2016-08-15 23:59:08',NULL,'video','started',NULL,0,'dollar',NULL,NULL,NULL,NULL),(1562,488,491,'2016-08-15 23:52:41','2016-08-15 23:52:41','2016-08-15 23:59:23',NULL,'video','started',NULL,0,'dollar',NULL,NULL,NULL,NULL),(1563,488,491,'2016-08-15 23:53:05','2016-08-15 23:54:08','2016-08-15 23:59:47',0,'video','completed',0,0,'dollar',NULL,NULL,NULL,NULL),(1564,491,482,'2016-08-16 00:05:13','2016-08-16 00:05:13','2016-08-16 00:11:52',NULL,'video','started',NULL,700,'dollar',NULL,NULL,NULL,NULL),(1565,482,491,'2016-08-16 00:06:22','2016-08-16 00:06:22','2016-08-16 00:13:03',NULL,'video','started',NULL,0,'dollar',NULL,NULL,NULL,NULL),(1566,491,482,'2016-08-16 00:07:23','2016-08-16 00:07:23','2016-08-16 00:14:05',NULL,'video','started',NULL,700,'dollar',NULL,NULL,NULL,NULL),(1567,482,491,'2016-08-16 00:08:16','2016-08-16 00:08:16','2016-08-16 00:14:57',NULL,'video','started',NULL,0,'dollar',NULL,NULL,NULL,NULL),(1568,482,491,'2016-08-16 03:00:10','2016-08-16 03:00:10','2016-08-16 03:06:49',NULL,'video','started',NULL,0,'dollar',NULL,NULL,NULL,NULL),(1569,488,491,'2016-08-16 14:44:25','2016-08-16 14:44:25','2016-08-16 14:51:05',NULL,'video','started',NULL,0,'dollar',NULL,NULL,NULL,NULL),(1570,491,488,'2016-08-16 14:53:06','2016-08-16 17:02:50','2016-08-16 14:59:49',269615000,'video','completed',0,700,'dollar',NULL,NULL,NULL,NULL),(1571,488,491,'2016-08-16 14:54:19','2016-08-16 14:54:19','2016-08-16 15:01:01',NULL,'video','started',NULL,0,'dollar',NULL,NULL,NULL,NULL),(1572,488,491,'2016-08-16 14:57:27','2016-08-16 14:58:56','2016-08-16 15:04:09',1102560,'video','completed',0,0,'dollar',NULL,NULL,NULL,NULL),(1573,488,491,'2016-08-16 17:00:26','2016-08-16 17:00:38','2016-08-16 17:07:08',NULL,'video','received',0,0,'dollar',NULL,NULL,NULL,NULL),(1574,491,488,'2016-08-16 17:03:20','2016-08-16 17:36:35','2016-08-16 17:10:03',271638000,'video','completed',0,700,'dollar',NULL,NULL,NULL,NULL),(1575,488,491,'2016-08-16 17:03:27','2016-08-16 17:03:32','2016-08-16 17:10:10',NULL,'video','received',0,0,'dollar',NULL,NULL,NULL,NULL),(1576,488,491,'2016-08-16 17:26:32','2016-08-16 17:36:35','2016-08-16 17:33:15',8029530,'video','completed',0,0,'dollar',NULL,NULL,NULL,NULL),(1577,482,491,'2016-08-16 18:21:25','2016-08-16 18:21:25','2016-08-16 18:28:07',NULL,'video','started',NULL,0,'dollar',NULL,NULL,NULL,NULL),(1578,482,491,'2016-08-16 18:27:37','2016-08-16 18:27:37','2016-08-16 18:34:19',NULL,'video','started',NULL,0,'dollar',NULL,NULL,NULL,NULL),(1579,491,482,'2016-08-16 18:57:57','2016-08-16 18:57:57','2016-08-16 19:04:38',NULL,'video','started',NULL,700,'dollar',NULL,NULL,NULL,NULL),(1580,491,482,'2016-08-16 20:56:40','2016-08-16 20:56:40','2016-08-16 21:03:21',NULL,'video','started',NULL,700,'dollar',NULL,NULL,NULL,NULL),(1581,491,482,'2016-08-16 20:57:31','2016-08-16 20:57:31','2016-08-16 21:04:12',NULL,'video','started',NULL,700,'dollar',NULL,NULL,NULL,NULL),(1582,491,482,'2016-08-16 20:57:40','2016-08-16 20:57:40','2016-08-16 21:04:21',NULL,'video','started',NULL,700,'dollar',NULL,NULL,NULL,NULL),(1583,491,482,'2016-08-16 20:59:30','2016-08-16 20:59:30','2016-08-16 21:06:12',NULL,'video','started',NULL,700,'dollar',NULL,NULL,NULL,NULL),(1584,488,491,'2016-08-16 21:13:38','2016-08-16 21:13:38','2016-08-16 21:13:38',NULL,'video_call','started',NULL,40,'usd','16419675','16170782',NULL,NULL),(1585,488,491,'2016-08-16 21:13:38','2016-08-16 21:13:38','2016-08-16 21:13:38',NULL,'video_call','started',NULL,40,'usd','16419675','16170782',NULL,NULL),(1586,492,491,'2016-08-16 21:24:31','2016-08-16 21:24:31','2016-08-16 21:31:14',NULL,'video','started',NULL,0,'dollar',NULL,NULL,NULL,NULL),(1587,492,491,'2016-08-16 21:25:04','2016-08-16 21:25:04','2016-08-16 21:31:47',NULL,'video','started',NULL,0,'dollar',NULL,NULL,NULL,NULL),(1588,492,491,'2016-08-16 21:28:15','2016-08-16 21:28:15','2016-08-16 21:34:58',NULL,'video','started',NULL,0,'dollar',NULL,NULL,NULL,NULL),(1589,492,491,'2016-08-16 21:29:20','2016-08-16 21:29:20','2016-08-16 21:36:03',NULL,'video','started',NULL,0,'dollar',NULL,NULL,NULL,NULL),(1590,492,491,'2016-08-16 21:30:03','2016-08-16 21:30:35','2016-08-16 21:36:46',NULL,'video','received',0,0,'dollar',NULL,NULL,NULL,NULL),(1591,482,491,'2016-08-16 21:52:34','2016-08-16 22:00:13','2016-08-16 21:59:17',NULL,'video','received',0,0,'dollar',NULL,NULL,NULL,NULL),(1592,491,482,'2016-08-16 21:53:19','2016-08-16 21:53:19','2016-08-16 22:00:01',NULL,'video','started',NULL,700,'dollar',NULL,NULL,NULL,NULL),(1593,491,482,'2016-08-16 21:53:47','2016-08-16 21:53:47','2016-08-16 22:00:28',NULL,'video','started',NULL,700,'dollar',NULL,NULL,NULL,NULL),(1594,482,491,'2016-08-16 21:54:24','2016-08-16 21:54:24','2016-08-16 21:54:24',NULL,'video_call','started',NULL,40,'usd','16419675','15422660',NULL,NULL),(1595,482,491,'2016-08-16 21:54:25','2016-08-16 21:54:25','2016-08-16 21:54:25',NULL,'video_call','started',NULL,40,'usd','16419675','15422660',NULL,NULL),(1596,482,491,'2016-08-16 21:55:16','2016-08-16 21:55:16','2016-08-16 21:55:16',NULL,'video_call','started',NULL,40,'usd','16419675','15422660',NULL,NULL),(1597,482,491,'2016-08-16 21:55:16','2016-08-16 21:55:16','2016-08-16 21:55:16',NULL,'video_call','started',NULL,40,'usd','16419675','15422660',NULL,NULL),(1598,482,491,'2016-08-16 21:56:23','2016-08-16 21:56:23','2016-08-16 21:56:23',NULL,'video_call','started',NULL,40,'usd','16419675','15422660',NULL,NULL),(1599,482,491,'2016-08-16 21:56:23','2016-08-16 21:56:23','2016-08-16 21:56:23',NULL,'video_call','started',NULL,40,'usd','16419675','15422660',NULL,NULL),(1600,482,491,'2016-08-16 21:57:47','2016-08-16 21:57:47','2016-08-16 21:57:47',NULL,'video_call','started',NULL,40,'usd','16419675','15422660',NULL,NULL),(1601,482,491,'2016-08-16 21:57:47','2016-08-16 21:57:47','2016-08-16 21:57:47',NULL,'video_call','started',NULL,40,'usd','16419675','15422660',NULL,NULL),(1602,482,491,'2016-08-16 21:58:02','2016-08-16 21:58:02','2016-08-16 21:58:02',NULL,'video_call','started',NULL,40,'usd','16419675','15422660',NULL,NULL),(1603,482,491,'2016-08-16 21:58:02','2016-08-16 21:58:02','2016-08-16 21:58:02',NULL,'video_call','started',NULL,40,'usd','16419675','15422660',NULL,NULL),(1604,482,491,'2016-08-16 21:58:07','2016-08-16 21:58:07','2016-08-16 21:58:07',NULL,'video_call','started',NULL,40,'usd','16419675','15422660',NULL,NULL),(1605,482,491,'2016-08-16 21:58:07','2016-08-16 21:58:07','2016-08-16 21:58:07',NULL,'video_call','started',NULL,40,'usd','16419675','15422660',NULL,NULL),(1606,488,491,'2016-08-16 21:58:10','2016-08-16 21:58:10','2016-08-16 21:58:10',NULL,'video_call','started',NULL,40,'usd','16419675','16170782',NULL,NULL),(1607,488,491,'2016-08-16 21:58:10','2016-08-16 21:58:10','2016-08-16 21:58:10',NULL,'video_call','started',NULL,40,'usd','16419675','16170782',NULL,NULL),(1608,491,488,'2016-08-16 21:59:51','2016-08-16 22:00:45','2016-08-16 22:06:36',7480370,'video','completed',0,700,'dollar',NULL,NULL,NULL,NULL),(1609,491,488,'2016-08-16 22:01:10','2016-08-16 22:01:10','2016-08-16 22:07:54',NULL,'video','started',NULL,700,'dollar',NULL,NULL,NULL,NULL),(1610,491,488,'2016-08-16 22:02:10','2016-08-16 22:03:23','2016-08-16 22:08:54',7638480,'video','completed',0,700,'dollar',NULL,NULL,NULL,NULL),(1611,491,488,'2016-08-16 22:03:46','2016-08-16 22:04:23','2016-08-16 22:10:29',7697900,'video','completed',0,700,'dollar',NULL,NULL,NULL,NULL),(1612,491,488,'2016-08-16 22:07:53','2016-08-16 22:08:07','2016-08-16 22:14:37',NULL,'video','received',0,700,'dollar',NULL,NULL,NULL,NULL),(1613,491,491,'2016-08-16 22:08:05','2016-08-16 22:09:10','2016-08-16 22:14:48',7982460,'video','completed',NULL,0,'dollar',NULL,NULL,NULL,NULL),(1614,488,490,'2016-08-16 22:32:25','2016-08-16 22:32:25','2016-08-16 22:32:25',NULL,'video_call','started',NULL,40,'usd','16410163','16170782',NULL,NULL),(1615,488,490,'2016-08-16 22:32:26','2016-08-16 22:32:26','2016-08-16 22:32:26',NULL,'video_call','started',NULL,40,'usd','16410163','16170782',NULL,NULL),(1616,488,490,'2016-08-16 22:33:39','2016-08-16 22:33:39','2016-08-16 22:33:39',NULL,'video_call','started',NULL,40,'usd','16410163','16170782',NULL,NULL),(1617,488,490,'2016-08-16 22:33:39','2016-08-16 22:33:39','2016-08-16 22:33:39',NULL,'video_call','started',NULL,40,'usd','16410163','16170782',NULL,NULL),(1618,488,489,'2016-08-17 18:47:35','2016-08-17 18:47:35','2016-08-17 18:54:19',NULL,'video','started',NULL,0,'dollar',NULL,NULL,NULL,NULL),(1619,487,491,'2016-08-17 22:38:53','2016-08-17 22:38:53','2016-08-17 22:45:37',NULL,'video','started',NULL,0,'dollar',NULL,NULL,NULL,NULL),(1620,487,491,'2016-08-17 22:39:24','2016-08-17 22:39:24','2016-08-17 22:46:08',NULL,'video','started',NULL,0,'dollar',NULL,NULL,NULL,NULL),(1621,490,488,'2016-08-18 00:06:13','2016-08-18 00:06:40','2016-08-18 00:12:58',NULL,'video','received',0,700,'dollar',NULL,NULL,NULL,NULL);
/*!40000 ALTER TABLE `histories` ENABLE KEYS */;
UNLOCK TABLES;

--
-- Table structure for table `news_posts`
--

DROP TABLE IF EXISTS `news_posts`;
/*!40101 SET @saved_cs_client     = @@character_set_client */;
/*!40101 SET character_set_client = utf8 */;
CREATE TABLE `news_posts` (
  `id` int(11) NOT NULL AUTO_INCREMENT,
  `title` varchar(255) COLLATE utf8_unicode_ci DEFAULT NULL,
  `description` text COLLATE utf8_unicode_ci,
  `post_type` varchar(255) COLLATE utf8_unicode_ci DEFAULT NULL,
  `post_date` date DEFAULT NULL,
  `image_file_name` varchar(255) COLLATE utf8_unicode_ci DEFAULT NULL,
  `image_content_type` varchar(255) COLLATE utf8_unicode_ci DEFAULT NULL,
  `image_file_size` int(11) DEFAULT NULL,
  `image_updated_at` datetime DEFAULT NULL,
  `created_at` datetime DEFAULT NULL,
  `updated_at` datetime DEFAULT NULL,
  `post_sub_type` varchar(255) COLLATE utf8_unicode_ci DEFAULT NULL,
  `featured` tinyint(1) DEFAULT NULL,
  PRIMARY KEY (`id`)
) ENGINE=InnoDB AUTO_INCREMENT=28 DEFAULT CHARSET=utf8 COLLATE=utf8_unicode_ci;
/*!40101 SET character_set_client = @saved_cs_client */;

--
-- Dumping data for table `news_posts`
--

LOCK TABLES `news_posts` WRITE;
/*!40000 ALTER TABLE `news_posts` DISABLE KEYS */;
INSERT INTO `news_posts` VALUES (1,'Magna Mollis Ultricies Euismod Fermentum Elit','Cras justo odio, dapibus ac facilisis in, egestas eget quam. Integer posuere erat ante venenatis dapibus posuere velit aliquet. ','blog','2015-12-23','Blogimg-01.png','image/png',93156,'2015-12-23 04:20:25','2015-12-23 04:20:26','2015-12-23 04:20:26','popular',NULL),(2,'Ornare Nullam Risus Mollis Parturient','Vivamus sagittis lacus vel augue laoreet rutrum faucibus dolor auctor. Morbi leo risus, porta ac consectetur ac, vestibulum at eros. ','blog','2015-12-22','Blogimg-02.png','image/png',71382,'2015-12-23 04:21:21','2015-12-23 04:21:21','2015-12-23 04:21:21','popular',NULL),(3,'Euismod Nullam Vehicula Elit Venenatis Consectetur','Praesent commodo cursus magna, scelerisque nisl consectetur et. Sed posuere consectetur at lobortis. Duis mollis, non commodoelit .','blog','2015-12-21','Blogimg-03.png','image/png',98994,'2015-12-23 04:22:10','2015-12-23 04:22:10','2015-12-27 09:25:37','editors_pick',0),(4,'Inceptos Parturient ','Pellentesque Aenean Vehicula Ullamcorper NibhNulla vitae libero, a pharetra augue. Donec sed odio dui. Cum sociis natoque penatibus et magnis. Nulla Tvitae elit libero, a pharetra augue. Curabitur blandit tempus porttitor. Cum sociis natoque penatibus et magnis dis parturient montes, nascetur ridiculus mus. Vivamus sagittis lacus vel augue laoreet rutrum faucibus dolor auctor. Sed posuere consectetur est at lobortis. Praesent commodo cursus magna, vel scelerisque nisl consectetur et. Nullam id dolor id nibh ultricies vehicula ut id elit. Lorem ipsum dolor sit amet, consectetur adipiscing elit. Aenean eu leo quam. Pellentesque ornare sem lacinia quam venenatis vestibulum. Donec sed odio dui. Maecenas faucibus mollis interdum. ','news','2015-12-23','newsblog-img-01.png','image/png',53385,'2015-12-23 04:27:17','2015-12-23 04:27:18','2015-12-23 04:27:18','technology',NULL),(5,'Amet Parturient Cursus','Amet Parturient Cursus. Amet Parturient Cursus. Pellentesque Aenean Vehicula Ullamcorper NibhNulla vitae libero, a pharetra augue. Donec sed odio dui. Cum sociis natoque penatibus et magnis. Nulla Tvitae elit libero, a pharetra augue. Curabitur blandit tempus porttitor. Cum sociis natoque penatibus et magnis dis parturient montes, nascetur ridiculus mus. Vivamus sagittis lacus vel augue laoreet rutrum faucibus dolor auctor. Sed posuere consectetur est at lobortis. Praesent commodo cursus magna, vel scelerisque nisl consectetur et. Nullam id dolor id nibh ultricies vehicula ut id elit. Lorem ipsum dolor sit amet, consectetur adipiscing elit. Aenean eu leo quam. Pellentesque ornare sem lacinia quam venenatis vestibulum. Donec sed odio dui. Maecenas faucibus mollis interdum. ','news','2015-12-23','newsblog-img-01.png','image/png',53385,'2015-12-23 04:28:11','2015-12-23 04:28:11','2015-12-23 04:28:11','technology',NULL),(6,'Magna Vulputate Adipiscing ','Magna Vulputate Adipiscing. Magna Vulputate Adipiscing. Pellentesque Aenean Vehicula Ullamcorper NibhNulla vitae libero, a pharetra augue. Donec sed odio dui. Cum sociis natoque penatibus et magnis. Nulla Tvitae elit libero, a pharetra augue. Curabitur blandit tempus porttitor. Cum sociis natoque penatibus et magnis dis parturient montes, nascetur ridiculus mus. Vivamus sagittis lacus vel augue laoreet rutrum faucibus dolor auctor. Sed posuere consectetur est at lobortis. Praesent commodo cursus magna, vel scelerisque nisl consectetur et. Nullam id dolor id nibh ultricies vehicula ut id elit. Lorem ipsum dolor sit amet, consectetur adipiscing elit. Aenean eu leo quam. Pellentesque ornare sem lacinia quam venenatis vestibulum. Donec sed odio dui. Maecenas faucibus mollis interdum. ','news','2015-12-23','newsblog-img-01.png','image/png',53385,'2015-12-23 04:29:36','2015-12-23 04:29:36','2015-12-23 04:29:36','software',NULL),(7,'Nibh Consectetur Dolor ','Pellentesque Aenean Vehicula Ullamcorper NibhNulla vitae libero, a pharetra augue. Donec sed odio dui. Cum sociis natoque penatibus et magnis. Nulla Tvitae elit libero, a pharetra augue. Curabitur blandit tempus porttitor. Cum sociis natoque penatibus et magnis dis parturient montes, nascetur ridiculus mus. Vivamus sagittis lacus vel augue laoreet rutrum faucibus dolor auctor. Sed posuere consectetur est at lobortis. Praesent commodo cursus magna, vel scelerisque nisl consectetur et. Nullam id dolor id nibh ultricies vehicula ut id elit. Lorem ipsum dolor sit amet, consectetur adipiscing elit. Aenean eu leo quam. Pellentesque ornare sem lacinia quam venenatis vestibulum. Donec sed odio dui. Maecenas faucibus mollis interdum. ','news','2015-12-23','newsblog-img-01.png','image/png',53385,'2015-12-23 04:30:33','2015-12-23 04:30:33','2015-12-23 04:30:33','software',NULL),(8,'Dolor Vehicula Cras','Pellentesque Aenean Vehicula Ullamcorper NibhNulla vitae libero, a pharetra augue. Donec sed odio dui. Cum sociis natoque penatibus et magnis. Nulla Tvitae elit libero, a pharetra augue. Curabitur blandit tempus porttitor. Cum sociis natoque penatibus et magnis dis parturient montes, nascetur ridiculus mus. Vivamus sagittis lacus vel augue laoreet rutrum faucibus dolor auctor. Sed posuere consectetur est at lobortis. Praesent commodo cursus magna, vel scelerisque nisl consectetur et. Nullam id dolor id nibh ultricies vehicula ut id elit. Lorem ipsum dolor sit amet, consectetur adipiscing elit. Aenean eu leo quam. Pellentesque ornare sem lacinia quam venenatis vestibulum. Donec sed odio dui. Maecenas faucibus mollis interdum. ','news','2015-12-23','newsblog-img-01.png','image/png',53385,'2015-12-23 04:31:08','2015-12-23 04:31:08','2015-12-23 04:31:08','software',NULL),(9,'Nibh Consectetur Dolor1 ','Nibh Consectetur Dolor. Nibh Consectetur Dolor. Pellentesque Aenean Vehicula Ullamcorper NibhNulla vitae libero, a pharetra augue. Donec sed odio dui. Cum sociis natoque penatibus et magnis. Nulla Tvitae elit libero, a pharetra augue. Curabitur blandit tempus porttitor. Cum sociis natoque penatibus et magnis dis parturient montes, nascetur ridiculus mus. Vivamus sagittis lacus vel augue laoreet rutrum faucibus dolor auctor. Sed posuere consectetur est at lobortis. Praesent commodo cursus magna, vel scelerisque nisl consectetur et. Nullam id dolor id nibh ultricies vehicula ut id elit. Lorem ipsum dolor sit amet, consectetur adipiscing elit. Aenean eu leo quam. Pellentesque ornare sem lacinia quam venenatis vestibulum. Donec sed odio dui. Maecenas faucibus mollis interdum. 1111 ','news','2015-12-23','newsblog-img-01.png','image/png',53385,'2015-12-23 04:32:10','2015-12-23 04:32:11','2015-12-23 04:32:11','software',NULL),(10,'Euismod Nullam Vehicula Elit Venenatis Consectetur','Praesent commodo cursus magna, scelerisque nisl consectetur et. Sed posuere consectetur at lobortis. Duis mollis, non commodoelit . ','blog','2015-12-27','blog-img-01.jpg','image/jpeg',53082,'2015-12-27 09:29:28','2015-12-27 09:29:28','2015-12-27 09:29:28','software',0),(11,'Euismod Nullam Vehicula Elit Venenatis Consectetur ','Praesent commodo cursus magna, scelerisque nisl consectetur et. Sed posuere consectetur at lobortis. Duis mollis, non commodoelit . ','blog','2015-12-27','blog-img-04.jpg','image/jpeg',59605,'2015-12-27 09:31:54','2015-12-27 09:31:55','2015-12-27 09:31:55','health',0),(12,'Euismod Nullam Vehicula Elit Venenatis Consectetur ','Praesent commodo cursus magna, scelerisque nisl consectetur et. Sed posuere consectetur at lobortis. Duis mollis, non commodoelit . ','blog','2015-12-27','blog-img-02.jpg','image/jpeg',56155,'2015-12-27 09:34:57','2015-12-27 09:34:57','2015-12-27 09:34:57','technology',0),(13,'Euismod Nullam Vehicula Elit Venenatis Consectetur ','Praesent commodo cursus magna, scelerisque nisl consectetur et. Sed posuere consectetur at lobortis. Duis mollis, non commodoelit . ','blog','2015-12-27','blog-img-03.jpg','image/jpeg',233920,'2015-12-27 09:36:57','2015-12-27 09:36:58','2015-12-27 09:36:58','software',1),(14,'Euismod Nullam Vehicula Elit Venenatis Consectetur ','Praesent commodo cursus magna, scelerisque nisl consectetur et. Sed posuere consectetur at lobortis. Duis mollis, non commodoelit .','blog','2015-12-27','blog-img-01.jpg','image/jpeg',53082,'2015-12-27 09:41:58','2015-12-27 09:41:59','2015-12-27 09:41:59','popular',0),(15,'Euismod Nullam Vehicula Elit Venenatis Consectetur ','Praesent commodo cursus magna, scelerisque nisl consectetur et. Sed posuere consectetur at lobortis. Duis mollis, non commodoelit .','blog','2015-12-27','blog-img-01.jpg','image/jpeg',53082,'2015-12-27 09:42:55','2015-12-27 09:42:56','2015-12-27 09:42:56','popular',0),(16,'Euismod Nullam Vehicula Elit Venenatis Consectetur ','Praesent commodo cursus magna, scelerisque nisl consectetur et. Sed posuere consectetur at lobortis. Duis mollis, non commodoelit .','blog','2015-12-27','blog-img-01.jpg','image/jpeg',53082,'2015-12-27 09:43:12','2015-12-27 09:43:12','2015-12-27 09:43:12','popular',0),(17,'Euismod Nullam Vehicula Elit Venenatis Consectetur ','Praesent commodo cursus magna, scelerisque nisl consectetur et. Sed posuere consectetur at lobortis. Duis mollis, non commodoelit .','blog','2015-12-27','blog-img-01.jpg','image/jpeg',53082,'2015-12-27 09:43:52','2015-12-27 09:43:53','2015-12-27 09:43:53','popular',0),(18,'Euismod Nullam Vehicula Elit Venenatis Consectetur ','Praesent commodo cursus magna, scelerisque nisl consectetur et. Sed posuere consectetur at lobortis. Duis mollis, non commodoelit .','blog','2015-12-27','blog-img-01.jpg','image/jpeg',53082,'2015-12-27 09:44:34','2015-12-27 09:44:34','2015-12-27 09:44:34','popular',0),(19,'Euismod Nullam Vehicula Elit Venenatis Consectetur ','Praesent commodo cursus magna, scelerisque nisl consectetur et. Sed posuere consectetur at lobortis. Duis mollis, non commodoelit .','blog','2015-12-27','blog-img-04.jpg','image/jpeg',59605,'2015-12-27 09:57:08','2015-12-27 09:57:08','2015-12-27 09:57:08','software',0),(20,'Telehealth: When technology meets health care.','From researching treatment options to emailing with your doctor, telehealth gives you the tools to better manage your health.\r\n\r\nBy Mayo Clinic Staff\r\n\r\nHow many times have you heard it said that the Internet has transformed modern life? Indeed it\'s probably changed how you stay in touch with family and friends, purchase goods and services, and even search for information about health problems.\r\n\r\nAre you using all of the telehealth tools available to manage your health?\r\n\r\nWhat is telehealth?\r\n\r\nTelehealth is simply using digital information and communication technologies, such as computers and mobile devices, to manage your health and well-being. Telehealth, also called e-health or m-health (mobile health), includes a variety of health care services, including but not limited to:\r\n\r\nOnline support groups\r\nOnline health information and self-management tools\r\nEmail and online communication with health care providers\r\nElectronic health records\r\nRemote monitoring of vital signs, such as blood pressure, or symptoms\r\nVideo or online doctor visits\r\nConsider how people with diabetes could use telehealth to manage their health — all without having to leave home:\r\n\r\nUse a mobile phone or other device to upload food logs, medications, dosing and blood sugar levels for review by a nurse who responds electronically.\r\nWatch a how-to video on carbohydrate counting and download an application (app) for it to your mobile phone.\r\nUse the same app to estimate, based on your diet and exercise level, how much insulin you need.\r\nSend an email or text message to a nurse or diabetes educator when you have questions.\r\nOrder testing supplies and medications online.\r\nResearch the pros and cons of alternate treatments, such as insulin pumps.\r\nGet email, text or phone reminders when you need a flu shot, foot exam or other preventive care.\r\nInterested in learning more? Check out the following ways technology can help you better manage your health.','news','2016-01-13','mayologo.png','image/png',2936,'2016-01-13 23:37:14','2016-01-13 23:37:14','2016-01-14 00:12:49','health',1),(21,'Study: Telemedicine Reduces ED Visits by Senior Living Residents','Senior living communities can reduce emergency department visits by using telemedicine, according to a study published in Telemedicine and e-Health, FierceHealthIT reports.\r\nStudy Details\r\nThe study was conducted by researchers from the:\r\nUniversity of Rochester School of Medicine and Dentistry; and\r\nUniversity of Wisconsin School of Medicine and Public Health.\r\nResearchers recruited 1,219 residents in senior living communities, of whom:\r\n479 received care via a telemedicine program called Health-e-Access; and\r\n740 did not receive care via telemedicine.\r\nResearchers also examined facilities\' engagement levels in using telemedicine (Dvorak, FierceHealthIT, 1/11).\r\nStudy Findings\r\nThe study found that for participants in senior living communities with higher telemedicine use, ED use decreased at an annualized rate of 28%, while participants in communities with less telemecidine use and those not participating in Health-e-Access at all experienced no significant change in ED use (Gillespie et al., Telemedicine and e-Health, 1/7).\r\nMeanwhile, more engaged communities experienced a higher number of patients participating in telemedicine visits, at 45.8%, compared with 8.9% at less engaged facilities (FierceHealthIT, 1/11). For instance, participants who received telemedicine had a total of 503 virtual doctor visits, with:\r\n362, or 72%, taking place in more engaged senior living communities; and\r\n141, or 28%, taking place in less engaged communities (Telemedicine and e-Health, 1/7).\r\nTakeaways\r\nThe study authors said, \"This study demonstrates that subjects residing in more engaged [senior living communities] units experienced greater decrease in ED use from participation in Health-e-Access, compared with subjects who reside in less engaged [communities].\" However, they noted that telemedicine engagement must be addressed \"thoughtfully and thoroughly in order to achieve\" its potential (FierceHealthIT, 1/11).','news','2016-01-13','ihblarge.png','image/png',9513,'2016-01-13 23:42:59','2016-01-13 23:42:59','2016-01-13 23:42:59','health',0),(22,'The new model, unveiled this week, lifts restrictions on telemedicine use and enables the 21 participating ACOs to create a better network of care for patients.','From: mHealth Intelligence\r\nA new Accountable Care Organization model that stresses telehealth is getting high marks from the American Telemedicine Association.\r\nThe Next Generation ACO Model, unveiled on January 11 by the Centers for Medicare & Medicaid Services, targets ACOs that have seen success in population health initiatives – including working with Medicare Shared Savings or Pioneer ACO models - and are ready to assume more risk and reward. The model also gives them more freedom to use telemedicine platforms to connect with patients outside the traditional healthcare setting.\r\nIn unveiling the NGACO, which had been on the drawing board for more than a year, CMS announced that 21 ACOs across the country will adopt the model. It and other ACO models are designed to meet the Administration’s goal of tying 30 percent of traditional Medicare payments to alternative payment models by the end of 2016 and boosting that percentage to 50 percent by the end of 2018.\r\n\r\n\"Today is an important day for Medicare beneficiaries getting access to value-based telehealth care,\" Gary Capistrant, Chief Policy Officer of the ATA, said in a press release. \"We think all Medicare ACOs should be able to use telehealth to provide the Medicare range of coverage, and we hope that Congress and CMS will explore allowing more use of innovation to serve better Medicare beneficiaries.\"\r\n\r\n“Americans will get better care and we will spend our healthcare dollars more wisely because these hospitals and providers have made a commitment to change how they do business and work with patients,” HHS Secretary Sylvia M. Burwell said in announcing the NGACO and two other ACO initiatives. “We are moving Medicare and the entire health care system toward paying providers based on the quality, rather than the quantity of care they give patients. The three new ACO initiatives being launched today mark an important step forward in this effort.”\r\n\r\n“Unlike other models, this model includes a prospectively (rather than retrospectively) set benchmark, allows beneficiaries to choose to be aligned to the ACO, and tests beneficiary incentives for seeking care at Next Generation providers, including increased availability of telehealth and care coordination services,” CMS officials said in a separate press release.\r\n\r\n“The Next Generation Model participants will have the opportunity to take on higher levels of financial risk – up to 100 percent risk – than ACOs in current initiatives,” CMS added. “While they are at greater financial risk they also have a greater opportunity to share in more of the model’s savings through better care coordination and care management. In addition, the ACOs will receive their budgets prospectively, in advance of the performance year, to plan and manage care around these financial targets from the outset. The ACOs will also be able to select from flexible payment options, such as infrastructure payments that support ACO investments in care.”\r\n\r\nWhen plans for the NGACO were aired in early 2015, critics questioned whether participating health systems would be able to keep their patients from using services outside the ACO, which would negatively affect quality and cost measurements. Supporters, meanwhile, said the NGACO’s ability to use telemedicine platforms would expand the network and better meet patient needs.\r\n\r\n\"This policy is a critical step forward in expanding the use of telehealth services in Medicare, which will allow for greater care coordination and improved quality of care,\" Joe Peterson, MD, chairman of the Alliance for Connected Care, said in a March 2015 press release. \"It represents a major victory for patients and the broader telehealth community, which has been gathering evidence of telehealth\'s benefits for decades.\"\r\n\r\nTagged Telemedicine, Telehealth Policy, Accountable Care','news','2016-01-13','logos.png','image/png',6677,'2016-01-13 23:49:33','2016-01-13 23:48:42','2016-01-13 23:49:34','software',0),(23,'El 60% de los pacientes eligen la telemedicina como forma de consulta alternativa','El 60% de los pacientes elegirían la Telemedicina como forma de consulta ocasional en lugar de la visita tradicional a su médico, si tuvieran opción. Así se desprende de una encuesta realizada por eclinicalWorks entre más de 2.000 adultos estadounidenses. Así, este trabajo revela que los servicios de telemedicina serían utilizados por un porcentaje elevado de pacientes, que admiten su potencial eficacia y múltiples aplicaciones.\r\n\r\nOtros datos de interés de este estudio revelan el uso que realizan los pacientes de las redes sociales y wearables.  De este modo, el 84% de los encuestados asegura que su médico tiene una web o información en su web corporativa dirigida a pacientes y el 61% admite obtener información por esta vía.\r\nEn cuanto a los wearables, más de un tercio de los consumidores de estos dispositivos los utilizan de forma diaria y el 78% cree que el acceso a la información que contienen sobre su salud resulta muy útil a su médico. En España, la utilidad médica de dicha tecnología ha quedado demostrada en eventos como el Congreso Nacional de Wearables y Big Data en Salud, celebrado en Madrid por iniciativa de COM SALUD.','blog','2016-01-13','telemedicina-teleconsulta-paciente-profesional-medico.jpg','image/jpeg',164210,'2016-01-13 23:55:31','2016-01-13 23:55:33','2016-01-13 23:55:33','popular',0),(24,'Telehealth Is Family Medicine’s Next Big Opportunity','Perhaps, like me, you\'ve noticed that telehealth really hasn\'t lived up to its promise here in the United States. Although you may find the technology in niche markets, like satellite hospital consultations, there is hardly a transformative, mainstream movement of consumer access to family physician services online or by smartphone. \r\nYet the trends are unmistakable:\r\n\r\nEstimates vary, but perhaps 20 percent of what family physicians do in the office could be accomplished remotely. I would even go so far to say that much of what is happening now in retail clinics could be safely performed as a telehealth visit. (Will retail health be disrupted next?)\r\nAlthough the fee-for-service model has barely paid for telemedicine, the advent of new models such as direct primary care and accountable care organizations could create a sustainable funding source for services that were previously not paid for.\r\nRegulators at the state and national level are continuing to modernize the laws around telehealth and telemedicine to encourage physicians to engage patients remotely within clear boundaries that are safe and have utility to consumers.\r\nThe proliferation of Bluetooth-enabled biosensors that can communicate with smartphones and sync data to cloud-based health information exchanges allow for remote monitoring of patients. These patients are empowered to decide with whom they will share that information. For some patients and family physicians, this might allow for a novel telehealth visit with vitals.\r\nSo what does the United States need to do to start participating more? Well, according to the American Telemedicine Association, we are about halfway there. State legislatures and policymakers must continue to remove regulatory barriers such as only requiring insurers to pay for telehealth for rural patients, because suburban and urban areas also have health care disparities and access problems.\r\n\r\nFamily physicians should not be required to document a barrier to an in-person visit before a health benefit plan covers telemedicine. And nothing should require the use of telemedicine when in-person care by a participating physician is available within the member’s geographic area, or when a family physician determines it is inappropriate. In other words, actual plan networks cannot be remote.\r\n\r\nI am amazed at how many patients in this economy may have a tablet computer or a smartphone, but not an automobile. Moreover, just as we use Skype and Facetime with friends and family more than with strangers, I predict the strongest future for telehealth will be between family physicians and their long-time patients, not between strangers connecting to chat.\r\n\r\nJohn Bender, M.D., M.B.A., is a member of the AAFP Board of Directors.\r\n\r\nPosted at 05:04PM Jan 06, 2016 by John Bender, M.D., M.B.A.  |  Comments[3]','news','2016-01-13','AAFP-capital-RGB_2.png','image/png',6872,'2016-01-13 23:59:18','2016-01-13 23:59:18','2016-01-13 23:59:51','software',0),(25,'Las TIC y la geriatría, ¿un vínculo en evolución?','El doctor Ronald Merrell, profesor emérito de la VCU, explica que el avance de las herramientas digitales en la atención sanitaria permitió la incorporación de la telemedicina en personas de la tercera edad. Además, resalta las ventajas asistenciales, laborales y económicas de las consultas a distancia.\r\nPor Paulina De Cesare\r\n\r\nEl noventa por ciento de las personas mayores a 65 años tiene una enfermedad crónica. El 77 por ciento de ellas, tiene más de una. El número promedio de medicamentos recetados a un paciente de esta edad es cinco, incrementando a quince hacia los 75 años. Teniendo en cuenta estas cifras, el doctor Ronald Merrell∴ publicó el artículo “Telemedicina geriátrica: antecedentes y evidencia de la telemedicina como una forma de encarar los desafíos de la geriatría” en la Librería Nacional de Medicina de Estados Unidos.\r\n\r\nUna de las principales problemáticas en la atención geriátrica es el formato tradicional que se utiliza ante el incidente: cuando el paciente nota un problema, acude a un profesional que lo diagnostica y lo trata. “Con la situación actual de salud en el mundo, no tenemos la suficiente cantidad de fuerza de trabajo para responder de esa forma”, afirma Merrell, profesor emérito de Cirugía en la Virginia Commonwealth University.\r\n\r\nPor eso, como solución parcial, propone la telemedicina. Esta herramienta, que ha demostrado ahorros económicos y de recursos humanos, evita que el paciente se movilice, ya que permite conservar su información médica en una base de datos digital. “Además, reduce todo tipo de costos porque detecta un problema en el momento que está ocurriendo y no cuando el paciente ya está internado o en una situación de emergencia”, refleja el doctor.\r\n\r\nOtra realidad que remarca el cirujano es el incremento de la población anciana en el mundo. “Si continuamos con el antiguo modelo de atención ante el incidente, en vez de aplicar el de atención continua, para 2020 tendremos un déficit de setenta mil puestos de trabajo sólo en Estados Unidos. Y no podemos crearlos”, asegura. En este sentido, agrega, la telemedicina promete evitar una crisis de recursos humanos y ofrecer atención de calidad.\r\n\r\nPero, ¿es posible incorporar las tecnologías de la información y la comunicación (TIC) en la tercera edad? Merrell asegura que si bien es más complejo en la población mayor a ochenta años -que no sabe mucho acerca de computadoras y, por ende, habría que instruirlas-, la incorporación sería sencilla en aquellos que en este momento alcanzan los 65. “Este es un grupo etario que creó internet y los celulares, que utilizó computadoras en la década de 1970 y que está muy alfabetizado con respecto a interactuar con las TIC”, describe. Por eso, en los pacientes geriátricos venideros es difícil que exista una barrera técnico-cultural en la utilización de estas herramientas.\r\n\r\nEl doctor Merrell, también director editorial de la publicación Telemedicine and E-Health, enumera tres valores que aporta la telemedicina a los pacientes de edad avanzada:\r\n\r\nEmpoderamiento: a través de medios electrónicos, los individuos están a cargo de recaudar su propia información, comunicar sus propias decisiones, realizar sus planes preventivos y tener un contacto directo con sus médicos.\r\nIndependencia: el lugar de atención médica del anciano es su hogar. “El cuidado de la salud, comenzando con la introducción de los hospitales a fines de siglo XVIII, siempre fue un destino, un lugar al que el paciente debía ir. Esto cambió bajo los estándares IT y con las telecomunicaciones actuales”, comenta el doctor.\r\nAhorro: la mayoría de los usuarios geriátricos encuentra dificultoso acudir a una cita médica porque no puede utilizar el transporte público. “La gente mayor es muy consciente de su economía y les gusta la idea de cubrir su atención médica sin agotar todos sus ingresos”, señala Merrell.\r\nTodas estas ventajas se traducen en accesibilidad. “El mes pasado, la revista Time publicó un artículo que decía que si una persona mayor quiere un turno médico, le toma veinte días y 150 dólares, mientras que si utiliza la telemedicina, puede conseguir una cita en pocas horas y el costo promedio es de cuarenta dólares”, comenta el doctor.\r\n\r\nPor otra parte, Merrell hace especial hincapié en los problemas de demencia y memoria, situaciones en las que la telemedicina ayuda mucho. “Existen herramientas maravillosas para evaluar la memoria de estos pacientes a través de entrevistas y también para rastrear a aquellos que suelen desorientarse”, describe.\r\n\r\nPero a pesar de que los pacientes se muestren entusiastas, no ha sido sencillo -y quizás todavía no lo es- incorporar esta herramienta en la comunidad médica. Según el doctor, el problema con los profesionales de la salud es que la telemedicina se ha presentado como un trabajo extra y no complementario. De hecho, en Estados Unidos, han tenido que encontrar una solución: la Ley de Asistencia Asequible, sancionada en 2010, que estableció la remuneración por telemedicina comparable con las consultas cara a cara. Es así que actualmente en 24 de los 50 estados del país las compañías de medicina privada pagan lo mismo por sesiones a distancia que por las presenciales. “La resistencia se está diluyendo porque la telemedicina se está facilitando, porque los pacientes insisten en usarla y porque ahora es parte de la estructura financiera de Estados Unidos”, concluye el Merrell.\r\n\r\n∴El doctor Ronald Merrell es profesor emérito de Cirugía de la Virginia Commonwealth University (VCU) y director editorial de la publicación oficial de la Asociación Americana de Telemedicina y de la Sociedad Internacional de Telemedicina y e-Health, llamada Telemedicine and E-Health. Fue director clínico del programa de telemedicina de VCU Health Systems, dirigió la carrera de Cirugía en la Escuela de Medicina de la Universidad de Yale -donde fundó la Sociedad de Cirugía de Yale– y fue vicedecano en el Centro de Ciencias de la Salud Houston de la Universidad de Texas. Además, se desempeñó como asesor en medicina aeroespacial e investigador de telemedicina en la NASA, entidad que lo galardonó tres veces con la medalla al Servicio Público. Actualmente es asesor eventual del Departamento de Defensa de Estados Unidos en materia de telemedicina.','news','2016-01-14','logo1.png','image/png',25362,'2016-01-14 00:06:44','2016-01-14 00:06:44','2016-01-14 00:06:44','software',0),(26,'Telehealth: When technology meets health care.','From researching treatment options to emailing with your doctor, telehealth gives you the tools to better manage your health. By Mayo Clinic Staff How many times have you heard it said that the Internet has transformed modern life? Indeed it\'s probably changed how you stay in touch with family and friends, purchase goods and services, and even search for information about health problems. Are you using all of the telehealth tools available to manage your health? What is telehealth? Telehealth is simply using digital information and communication technologies, such as computers and mobile devices, to manage your health and well-being. Telehealth, also called e-health or m-health (mobile health), includes a variety of health care services, including but not limited to: Online support groups Online health information and self-management tools Email and online communication with health care providers Electronic health records Remote monitoring of vital signs, such as blood pressure, or symptoms Video or online doctor visits Consider how people with diabetes could use telehealth to manage their health — all without having to leave home: Use a mobile phone or other device to upload food logs, medications, dosing and blood sugar levels for review by a nurse who responds electronically. Watch a how-to video on carbohydrate counting and download an application (app) for it to your mobile phone. Use the same app to estimate, based on your diet and exercise level, how much insulin you need. Send an email or text message to a nurse or diabetes educator when you have questions. Order testing supplies and medications online. Research the pros and cons of alternate treatments, such as insulin pumps. Get email, text or phone reminders when you need a flu shot, foot exam or other preventive care. Interested in learning more? Check out the following ways technology can help you better manage your health.','news','2016-01-14','mayologo.png','image/png',2936,'2016-01-14 00:13:53','2016-01-14 00:13:53','2016-01-14 00:13:53','software',0),(27,'LAS 10 RAZONES MÁS COMUNES PARA VER A UN DOCTOR','De acuerdo a un estudio realizado por la Clinica Mayo, los casos más frecuentes de consulta médica son los siguientes:\r\n1.	Trastornos de la piel. La piel es la capa protectora del cuerpo y el sitio principal de interacción con el mundo. Un mal cuidado puede traer problemas como resequedad, irritación, o hasta cambios de pigmentación y en casos muy graves hasta cancer. Ciertos hábitos como la higiene, cuidarse de los rayos UV a través de protectores o  medicamentos son algunas de las posibles recomendaciones.\r\n2.	Dolores en las articulaciones. La osteoartritis es la forma más común de artritis. Causa dolor, inflamación y disminución de los movimientos de las articulaciones. Suele afectar las manos, las rodillas, la columna y la cadera. El plan de tratamiento generalmente incluye hacer ejercicio, mantener un control de peso, descansos y cuidar las articulaciones. Es posible que haya que complementar el tratamiento con medicamentos.\r\n3.	Dolor de espalda. Afecta a 8 de cada 10 personas a lo largo de sus vidas. Las molestias pueden variar desde un dolor leve, constante, hasta uno súbito e intenso. La mayoría de los dolores de espalda son de tipo muscular y desaparecen espontáneamente. Los desinflamatorios y analgésicos son recetados para disminuir las molestias. \r\n4.	Colesterol alto. El exceso de colesterol en la sangre, puede obstruir las arterias provocando el riesgo de enfermedades cardiacas. El colesterol alto requiere de hacer cambios en el estilo de vida. Dejar de fumar, hacer ejercicio de forma regular, disminuir el sobrepeso y llevar una dieta balanceada son algunas de las recomendaciones. Los medicamentos son necesarios en algunos casos.\r\n5.	Gripe y tos. Este tipo de enfermedades afectan la nariz, los senos nasales y la garganta. Los síntomas son estornudos, naríz congestionada, goteo nasal, tos, cuerpo cortado y fiebre baja. Los síntomas pueden aliviarse a través del descanso, ingerir líquidos y/o medicamentos para aliviar el dolor, disminuir la fiebre y descongestionar la naríz. \r\n6.	Ansiedad y depresión. Para millones de personas estos son algunos de los problemas que no desparecen y empeoran con el tiempo. Pueden afectar a cualquier persona, de cualquier sexo, jóvenes o adultos. Para tratar estos padecimientos se utilizan medicamentos y terapias que ayudan a controlar las emociones. \r\n7.	Enfermedades neurológicas. Son trastornos del cerebro, la médula espinal y los nervios de todo el cuerpo. En conjunto, estos órganos controlan todas las funciones. Cuando algo falla del sistema nervioso, es posible que se tenga dificultad para hablar, moverse, tragar, respirar o aprender. También puede ocasionar problemas con la memoría, los sentidos o el estado de ánimo. \r\n8.	Problemas de hipertensión. La hipertensión no suele tener síntomas, pero puede causar problemas serios como derrames cerebrales, insuficiencia renal, cardiaca o infarto. Se puede controlar mediante hábitos de vida saludable y/o algunos medicamentos.\r\n9.	Migraña. Cerca de un 12% de las personas sufre esta condición. El dolor suele ser de tipo pulsante o vibrante en una zona determinada de la cabeza. Los medicamentos pueden ayudar a prevenir la migraña o a aliviar los síntomas cuando las crisis ya se han presentado. \r\n10.	Diabetes. Es una enfermedad en la que los niveles de azucar se encuentran fuera de los parámetros adecuados. La diabetes no controlada puede producir graves problemas de salud. Las personas que sufren diabetes tienen que hacer ejercicio, regular su peso y respetar el plan de alimentación que el medico indique. Monotorear y controlar los niveles de glucosa, así como tomar los medicamentos indicados por el médico serán de suma importancia para controlar la enfermedad.\r\n\r\nIr al doctor nos consume cerca de 3 horas\r\nEn promedio cada persona que va al medico se toma una hora para trasladarse al consultorio, aproximadamente 30 minutos en la sala de espera, entre 30 y 40 minutos de consulta y una hora más de traslado de regreso.\r\n\r\nA través de aplicaciones de telemedicina como Midoconline puedes obtener diagnósticos por parte de médicos profesionales por síntomas de enfermedades muy comunes sin tener que perder tanto tiempo en ir a ver a un medico a su consultorio.\r\n\r\nDiagnóstico\r\nLos medicos son posiblemente las personas que han dedicado el mayor tiempo de sus vidas al estudio y que se se siguen actualizando constantmente. Su experiencia y conocimientos se incrementa diariamente debido a la cantidad de pacientes y casos que atienden todos los días. Esa experiencia les permite incrementar su nivel de diagnostico, lo que se traduce en poder determinar con mayor facilidad el padecimiento que tiene un paciente. \r\n\r\nEn una primera consulta, dependiendo de los síntomas y de la información que provee el paciente, el medico puede tener una noción de la o las posibles enfermedades que puede tener un paciente. Los medicos más honestos incian con los procedimientos menos invasivos y menos costosos siempre y cuando no pongan en riesgo a la salud del paciente.\r\n','blog','2016-02-19','facepost.png','image/png',175888,'2016-02-19 01:46:03','2016-02-19 01:46:04','2016-02-19 01:46:04','software',1);
/*!40000 ALTER TABLE `news_posts` ENABLE KEYS */;
UNLOCK TABLES;

--
-- Table structure for table `payments`
--

DROP TABLE IF EXISTS `payments`;
/*!40101 SET @saved_cs_client     = @@character_set_client */;
/*!40101 SET character_set_client = utf8 */;
CREATE TABLE `payments` (
  `id` int(11) NOT NULL AUTO_INCREMENT,
  `patient_id` int(11) DEFAULT NULL,
  `payment_type` varchar(255) COLLATE utf8_unicode_ci DEFAULT NULL,
  `amount` float DEFAULT NULL,
  `payment_date` datetime DEFAULT NULL,
  `txnid` varchar(255) COLLATE utf8_unicode_ci DEFAULT NULL,
  `status` varchar(255) COLLATE utf8_unicode_ci DEFAULT NULL,
  `created_at` datetime DEFAULT NULL,
  `updated_at` datetime DEFAULT NULL,
  `user_id` int(11) DEFAULT NULL,
  PRIMARY KEY (`id`)
) ENGINE=InnoDB AUTO_INCREMENT=243 DEFAULT CHARSET=utf8 COLLATE=utf8_unicode_ci;
/*!40101 SET character_set_client = @saved_cs_client */;

--
-- Dumping data for table `payments`
--

LOCK TABLES `payments` WRITE;
/*!40000 ALTER TABLE `payments` DISABLE KEYS */;
INSERT INTO `payments` VALUES (174,NULL,'online',1000,'2016-03-03 06:04:02','1456985042','success','2016-03-03 06:04:02','2016-03-03 06:04:02',316),(175,NULL,'online',1000,'2016-03-03 06:06:55','1456985215','success','2016-03-03 06:06:55','2016-03-03 06:06:55',316),(176,NULL,'online',4000,'2016-03-04 06:02:02','1457071322','success','2016-03-04 06:02:02','2016-03-04 06:02:02',316),(187,NULL,'online',1000,'2016-03-14 12:27:45','1457958465','success','2016-03-14 12:27:45','2016-03-14 12:27:45',316),(188,NULL,'online',4000,'2016-03-16 19:18:27','1458155907','success','2016-03-16 19:18:27','2016-03-16 19:18:27',316),(203,NULL,'online',1000,'2016-04-20 06:30:37','1461133837','success','2016-04-20 06:30:37','2016-04-20 06:30:37',316),(204,NULL,'online',70000,'2016-04-20 13:14:55','1461158095','success','2016-04-20 13:14:55','2016-04-20 13:14:55',316),(231,NULL,'online',70000,'2016-05-19 16:14:35','1463674475','success','2016-05-19 16:14:35','2016-05-19 16:14:35',316),(238,NULL,'online',70000,'2016-06-28 23:39:57','1467157197','success','2016-06-28 23:39:57','2016-06-28 23:39:57',476),(239,NULL,'online',70000,'2016-06-28 23:40:40','1467157240','success','2016-06-28 23:40:40','2016-06-28 23:40:40',476),(240,NULL,'online',70000,'2016-06-28 23:54:59','1467158099','success','2016-06-28 23:54:59','2016-06-28 23:54:59',476),(241,NULL,'online',70000,'2016-07-04 16:00:27','1467648027','success','2016-07-04 16:00:27','2016-07-04 16:00:27',476),(242,NULL,'online',70000,'2016-07-11 23:44:45','1468280685','success','2016-07-11 23:44:45','2016-07-11 23:44:45',476);
/*!40000 ALTER TABLE `payments` ENABLE KEYS */;
UNLOCK TABLES;

--
-- Table structure for table `schema_migrations`
--

DROP TABLE IF EXISTS `schema_migrations`;
/*!40101 SET @saved_cs_client     = @@character_set_client */;
/*!40101 SET character_set_client = utf8 */;
CREATE TABLE `schema_migrations` (
  `version` varchar(255) COLLATE utf8_unicode_ci NOT NULL,
  UNIQUE KEY `unique_schema_migrations` (`version`)
) ENGINE=InnoDB DEFAULT CHARSET=utf8 COLLATE=utf8_unicode_ci;
/*!40101 SET character_set_client = @saved_cs_client */;

--
-- Dumping data for table `schema_migrations`
--

LOCK TABLES `schema_migrations` WRITE;
/*!40000 ALTER TABLE `schema_migrations` DISABLE KEYS */;
INSERT INTO `schema_migrations` VALUES ('20151008194848'),('20151008195341'),('20151010194448'),('20151010200742'),('20151010203447'),('20151010203743'),('20151010204044'),('20151010204258'),('20151010204656'),('20151011150209'),('20151011150857'),('20151012183642'),('20151012210128'),('20151012213236'),('20151013182444'),('20151013191129'),('20151013191734'),('20151013192157'),('20151017184334'),('20151030210253'),('20151125093036'),('20151126123210'),('20151128063630'),('20151203212141'),('20151220113348'),('20151222170710'),('20151226103704'),('20151228185932'),('20160105104457'),('20160105110538'),('20160106174712'),('20160106180528'),('20160113201049'),('20160122182201'),('20160201174225'),('20160221145550'),('20160328190650');
/*!40000 ALTER TABLE `schema_migrations` ENABLE KEYS */;
UNLOCK TABLES;

--
-- Table structure for table `specializations`
--

DROP TABLE IF EXISTS `specializations`;
/*!40101 SET @saved_cs_client     = @@character_set_client */;
/*!40101 SET character_set_client = utf8 */;
CREATE TABLE `specializations` (
  `id` int(11) NOT NULL AUTO_INCREMENT,
  `specialization_type` varchar(255) COLLATE utf8_unicode_ci DEFAULT NULL,
  `name` varchar(255) COLLATE utf8_unicode_ci DEFAULT NULL,
  `created_at` datetime DEFAULT NULL,
  `updated_at` datetime DEFAULT NULL,
  PRIMARY KEY (`id`)
) ENGINE=InnoDB DEFAULT CHARSET=utf8 COLLATE=utf8_unicode_ci;
/*!40101 SET character_set_client = @saved_cs_client */;

--
-- Dumping data for table `specializations`
--

LOCK TABLES `specializations` WRITE;
/*!40000 ALTER TABLE `specializations` DISABLE KEYS */;
/*!40000 ALTER TABLE `specializations` ENABLE KEYS */;
UNLOCK TABLES;

--
-- Table structure for table `specializations_users`
--

DROP TABLE IF EXISTS `specializations_users`;
/*!40101 SET @saved_cs_client     = @@character_set_client */;
/*!40101 SET character_set_client = utf8 */;
CREATE TABLE `specializations_users` (
  `doctor_id` int(11) DEFAULT NULL,
  `specialization_id` int(11) DEFAULT NULL
) ENGINE=InnoDB DEFAULT CHARSET=utf8 COLLATE=utf8_unicode_ci;
/*!40101 SET character_set_client = @saved_cs_client */;

--
-- Dumping data for table `specializations_users`
--

LOCK TABLES `specializations_users` WRITE;
/*!40000 ALTER TABLE `specializations_users` DISABLE KEYS */;
/*!40000 ALTER TABLE `specializations_users` ENABLE KEYS */;
UNLOCK TABLES;

--
-- Table structure for table `users`
--

DROP TABLE IF EXISTS `users`;
/*!40101 SET @saved_cs_client     = @@character_set_client */;
/*!40101 SET character_set_client = utf8 */;
CREATE TABLE `users` (
  `id` int(11) NOT NULL AUTO_INCREMENT,
  `email` varchar(255) COLLATE utf8_unicode_ci NOT NULL DEFAULT '',
  `encrypted_password` varchar(255) COLLATE utf8_unicode_ci NOT NULL DEFAULT '',
  `reset_password_token` varchar(255) COLLATE utf8_unicode_ci DEFAULT NULL,
  `reset_password_sent_at` datetime DEFAULT NULL,
  `remember_created_at` datetime DEFAULT NULL,
  `sign_in_count` int(11) NOT NULL DEFAULT '0',
  `current_sign_in_at` datetime DEFAULT NULL,
  `last_sign_in_at` datetime DEFAULT NULL,
  `current_sign_in_ip` varchar(255) COLLATE utf8_unicode_ci DEFAULT NULL,
  `last_sign_in_ip` varchar(255) COLLATE utf8_unicode_ci DEFAULT NULL,
  `confirmation_token` varchar(255) COLLATE utf8_unicode_ci DEFAULT NULL,
  `confirmed_at` datetime DEFAULT NULL,
  `confirmation_sent_at` datetime DEFAULT NULL,
  `unconfirmed_email` varchar(255) COLLATE utf8_unicode_ci DEFAULT NULL,
  `created_at` datetime NOT NULL,
  `updated_at` datetime NOT NULL,
  `provider` varchar(255) COLLATE utf8_unicode_ci DEFAULT NULL,
  `uid` varchar(255) COLLATE utf8_unicode_ci DEFAULT NULL,
  `name` varchar(255) COLLATE utf8_unicode_ci DEFAULT NULL,
  `username` varchar(255) COLLATE utf8_unicode_ci DEFAULT NULL,
  `gender` varchar(255) COLLATE utf8_unicode_ci DEFAULT NULL,
  `secret_key` varchar(255) COLLATE utf8_unicode_ci DEFAULT NULL,
  `key` varchar(255) COLLATE utf8_unicode_ci DEFAULT NULL,
  `address` varchar(255) COLLATE utf8_unicode_ci DEFAULT NULL,
  `authentication_token` text COLLATE utf8_unicode_ci,
  `dob` date DEFAULT NULL,
  `first_name` varchar(255) COLLATE utf8_unicode_ci DEFAULT NULL,
  `last_name` varchar(255) COLLATE utf8_unicode_ci DEFAULT NULL,
  `admin` tinyint(1) DEFAULT NULL,
  `mobile_no` varchar(255) COLLATE utf8_unicode_ci DEFAULT NULL,
  `facebook_id` varchar(255) COLLATE utf8_unicode_ci DEFAULT NULL,
  `twitter_id` varchar(255) COLLATE utf8_unicode_ci DEFAULT NULL,
  `location` varchar(255) COLLATE utf8_unicode_ci DEFAULT NULL,
  `status` tinyint(1) DEFAULT NULL,
  `type` varchar(255) COLLATE utf8_unicode_ci DEFAULT NULL,
  `specialize` varchar(255) COLLATE utf8_unicode_ci DEFAULT NULL,
  `surname` varchar(255) COLLATE utf8_unicode_ci DEFAULT NULL,
  `image_file_name` varchar(255) COLLATE utf8_unicode_ci DEFAULT NULL,
  `image_content_type` varchar(255) COLLATE utf8_unicode_ci DEFAULT NULL,
  `image_file_size` int(11) DEFAULT NULL,
  `image_updated_at` datetime DEFAULT NULL,
  `badge_count` int(11) DEFAULT NULL,
  `verification_code` varchar(255) COLLATE utf8_unicode_ci DEFAULT NULL,
  `licence` varchar(255) COLLATE utf8_unicode_ci DEFAULT NULL,
  `country` varchar(255) COLLATE utf8_unicode_ci DEFAULT NULL,
  `city` varchar(255) COLLATE utf8_unicode_ci DEFAULT NULL,
  `payment_verification_code` varchar(255) COLLATE utf8_unicode_ci DEFAULT NULL,
  `mobile_verification_code` varchar(255) COLLATE utf8_unicode_ci DEFAULT NULL,
  `mobile_verified` tinyint(1) DEFAULT NULL,
  `terms_and_condition` tinyint(1) DEFAULT NULL,
  `height` float DEFAULT NULL,
  `weight` float DEFAULT NULL,
  `blood_group` varchar(255) COLLATE utf8_unicode_ci DEFAULT NULL,
  `zip_code` varchar(255) COLLATE utf8_unicode_ci DEFAULT NULL,
  `street` varchar(255) COLLATE utf8_unicode_ci DEFAULT NULL,
  `med_notes` text COLLATE utf8_unicode_ci,
  `state` varchar(255) COLLATE utf8_unicode_ci DEFAULT NULL,
  `qb_user_id` decimal(10,0) DEFAULT NULL,
  `qb_login` varchar(255) COLLATE utf8_unicode_ci DEFAULT NULL,
  `qb_password` varchar(255) COLLATE utf8_unicode_ci DEFAULT NULL,
  `qb_name` varchar(255) COLLATE utf8_unicode_ci DEFAULT NULL,
  `emergency` varchar(255) COLLATE utf8_unicode_ci DEFAULT NULL,
  `from_time` datetime DEFAULT NULL,
  `to_time` datetime DEFAULT NULL,
  PRIMARY KEY (`id`),
  UNIQUE KEY `index_users_on_email` (`email`),
  UNIQUE KEY `index_users_on_reset_password_token` (`reset_password_token`)
) ENGINE=InnoDB AUTO_INCREMENT=493 DEFAULT CHARSET=utf8 COLLATE=utf8_unicode_ci;
/*!40101 SET character_set_client = @saved_cs_client */;

--
-- Dumping data for table `users`
--

LOCK TABLES `users` WRITE;
/*!40000 ALTER TABLE `users` DISABLE KEYS */;
INSERT INTO `users` VALUES (65,'admin@midoconline.com','$2a$10$j89MjubE9rlBPEauMbSOzeynQYJbkZoKJ78cld93ZTuIzq8YGKJhm',NULL,NULL,NULL,230,'2016-08-15 16:42:40','2016-08-12 23:31:18','187.190.39.188','187.190.39.188','_PCiyJs5Tso5gKUjaEb2','2015-11-25 20:42:22','2015-11-25 20:42:02',NULL,'2015-11-25 20:42:02','2016-08-15 16:42:40',NULL,NULL,NULL,'Admin','Male','d1cf0919610e59a8bbad45c9bca1108ed83dccb0','20ad56b8d2b302559d10f173fdc5a914309d4f40',NULL,'xn5NpP4FKyPddkt1gLYv',NULL,NULL,NULL,1,'',NULL,NULL,NULL,NULL,'Patient',NULL,'',NULL,NULL,NULL,NULL,NULL,NULL,NULL,NULL,NULL,NULL,NULL,NULL,NULL,NULL,NULL,NULL,NULL,NULL,NULL,NULL,NULL,'user65','password','Admin',NULL,NULL,NULL),(66,'info@midoconline.com','$2a$10$8GZ6p2bBOhmE9YintQ49pO.P4u0I1o/HfjOzEIT4PG9uYBegCX4ay',NULL,NULL,NULL,1,'2015-11-30 18:32:49','2015-11-30 18:32:49','187.190.146.215','187.190.146.215',NULL,'2015-11-25 20:45:05',NULL,NULL,'2015-11-25 20:45:13','2015-11-30 18:32:49',NULL,NULL,NULL,'Info',NULL,'8f2730801eb248648e58d6d2dfebf3984dee3aa1','cfe63f06d82c44dc12c04e976768985d708d0de9',NULL,'zRKeNYvQtCdXADQSxVq4',NULL,NULL,NULL,1,NULL,NULL,NULL,NULL,NULL,'Patient',NULL,NULL,NULL,NULL,NULL,NULL,NULL,NULL,NULL,NULL,NULL,NULL,NULL,NULL,NULL,NULL,NULL,NULL,NULL,NULL,NULL,NULL,NULL,NULL,NULL,'Info',NULL,NULL,NULL),(316,'patient@demo.com','$2a$10$k4nGN3hgOD.a7crJMYG1hOKcqOT6Tz1Yyy3ZTaIsaA/X0T5e4tfUi',NULL,NULL,NULL,393,'2016-07-07 19:00:54','2016-07-07 17:56:54','139.5.30.102','139.5.30.102',NULL,'2016-02-18 17:38:31',NULL,NULL,'2016-02-18 17:38:31','2016-07-07 19:00:54',NULL,NULL,NULL,'Patient ','Male','b4c8b8b8a4d5356bb5a8562221b977d0f77176cf','a1089eb87fc5eba315f94fc60d39930b94fd72b2',NULL,'3Dm-JM6aq7vpEaZjP8cx','1996-02-18',NULL,NULL,NULL,'2255225522',NULL,NULL,NULL,1,'Patient',NULL,'Demo','download.jpeg','image/jpeg',5901,'2016-03-07 06:03:52',0,NULL,NULL,'India',NULL,NULL,NULL,NULL,1,80,162,'o+','421204','maxico','good',NULL,9577332,'patient@demo.com','password','Patient ',NULL,NULL,NULL),(476,'emerick.solar@blueholding.mx','$2a$10$qtNSLxL.7Tn.JhwNAIULa.qSkpqRrlZ4wmtnAk3uWZ1Gfz/l3iwE2',NULL,NULL,NULL,11,'2016-08-02 23:20:06','2016-07-21 23:09:32','187.216.232.30','187.190.149.254',NULL,'2016-06-28 23:28:46',NULL,NULL,'2016-06-28 23:28:46','2016-08-02 23:20:06',NULL,NULL,NULL,'Geza','Male','3d660013a38b08125088e85531be136df2f613f3','98148c76621ce1cbef49508e689debcf94150a66',NULL,'p_equivVomu_JRCxJ6Fr','1975-07-22',NULL,NULL,NULL,'2224841200',NULL,NULL,NULL,1,'Patient',NULL,'Solar',NULL,NULL,NULL,NULL,0,NULL,NULL,NULL,NULL,NULL,NULL,NULL,1,NULL,NULL,NULL,NULL,NULL,NULL,NULL,14346244,'emerick.solar@blueholding.mx','password','Geza',NULL,NULL,NULL),(477,'rajeshkakadiya3292@gmail.com','$2a$10$zjOPaZ5dFyHEp5ZxmmY32uCAHySb1ImgqRnAyVwSM7mGfw.VFh07m',NULL,NULL,NULL,2,'2016-06-30 03:43:35','2016-06-30 03:43:08','43.240.9.222','43.240.9.222',NULL,'2016-06-30 03:43:05',NULL,NULL,'2016-06-30 03:43:05','2016-06-30 03:43:35',NULL,NULL,NULL,'Rajesh ','male','c3f56e14f47e4141a7d72c37a24379a6bc905064','b7e794f37c36f17516b5dfae421e2120bf8efc35',NULL,'FyzF_xyG63HDY59-zdRz','1992-02-03',NULL,NULL,NULL,'9033147525',NULL,NULL,NULL,1,'Patient',NULL,'Kakadiya',NULL,NULL,NULL,NULL,0,NULL,NULL,NULL,NULL,NULL,NULL,NULL,1,NULL,NULL,NULL,NULL,NULL,NULL,NULL,14387540,'rajeshkakadiya3292@gmail.com','password','Rajesh ',NULL,NULL,NULL),(478,'lezlie.luengas@gmail.com','$2a$10$e7MmqKVpoHcuMSE5AL/K5.KeXiXXdQ5NgcK7JQOth6Gvod25Q.Lhq',NULL,NULL,NULL,4,'2016-08-16 21:22:29','2016-08-15 18:31:23','187.190.39.188','187.190.39.188',NULL,'2016-06-30 17:20:03',NULL,NULL,'2016-06-30 17:20:03','2016-08-16 21:22:29','facebook','10209863971011467',NULL,'Lex Luengas','female','b64d096123350ce9f616a531efb0d6c4c1d1ff87','801427ed87fa0408908084464fd8d95acaf14d5f',NULL,'EAAX4ZB4mSrKUBABGRaZAmZCR8YADO6pgW3XPKChK4UJkRM4tJjUgTpZBw28whJjWwcfoZCSpam1rfmv9fQ2QfBX8nBfvzFdduQZCTYtZCU68EFGeVkAQPNLGZBdO5zaMZBhKTGs6vv1Y4BtPwhYnLspvO4ROIv24rjpYdGuVEmQMLwI4DVF8Yw7obj2ML4IAysYwZD',NULL,NULL,NULL,NULL,NULL,NULL,NULL,NULL,1,'Patient',NULL,' ',NULL,NULL,NULL,NULL,0,NULL,NULL,NULL,NULL,NULL,NULL,NULL,1,NULL,NULL,NULL,NULL,NULL,NULL,NULL,14423998,'lezlie.luengas@gmail.com','password','Lex Luengas',NULL,NULL,NULL),(479,'patient1@demo.com','$2a$10$zXD4jGymXdFuQRlQp/xm2e7Jkfq/518lTd/SwZ4J6EmDssfNlf2cO',NULL,NULL,NULL,395,'2016-07-05 15:17:06','2016-07-05 15:12:51','120.63.178.11','120.63.178.11',NULL,'2016-02-18 17:38:31',NULL,NULL,'2016-02-18 17:38:31','2016-07-05 15:17:06',NULL,NULL,NULL,'Patient ','Male','5481613fb6a60225d947375e296a607b2845e250','a6ea48f4e2a915611d53ad967bfe9403093bf8af',NULL,'3Dm-JM6aq7vpEaZjP8cx','1996-02-18',NULL,NULL,NULL,'2255225522',NULL,NULL,NULL,1,'Patient',NULL,'Demo','download.jpeg','image/jpeg',5901,'2016-03-07 06:03:52',0,NULL,NULL,'India',NULL,NULL,NULL,NULL,1,80,162,'o+','421204','maxico','good',NULL,14634293,'patient1@demo.com','password','Patient ',NULL,NULL,NULL),(481,'fercarvajal@y.com','$2a$10$N3.oov0r1NHIRpngcq1l2.HpH7FvxfUU55zRXhnmLjVEGfzNtyq1q',NULL,NULL,NULL,1,'2016-07-19 22:24:03','2016-07-19 22:24:03','187.190.149.254','187.190.149.254',NULL,'2016-07-19 22:24:01',NULL,NULL,'2016-07-19 22:24:01','2016-07-19 22:24:03',NULL,NULL,NULL,'Fer','Male','3edeb768682bb97819b180fd3a0ad95ccdcecdb3','7af47dc370e46a3f1399ea6498af88c97153c238',NULL,'Jw-Kg7bUbU5Haxeqcon1','2006-10-24',NULL,NULL,NULL,'2224841201',NULL,NULL,NULL,1,'Patient',NULL,'Carva',NULL,NULL,NULL,NULL,NULL,NULL,NULL,NULL,NULL,NULL,NULL,NULL,1,NULL,NULL,NULL,NULL,NULL,NULL,NULL,15357499,'fercarvajal@y.com','password','Fer',NULL,NULL,NULL),(482,'jp@a.com','$2a$10$M3rIxTjSK/IekKWi6lpzmuAsXbchgfzpH5gMtyDpseByJ20NSZsLC',NULL,NULL,NULL,11,'2016-08-16 21:53:47','2016-08-16 21:53:19','187.190.39.188','187.190.39.188',NULL,'2016-07-21 17:07:27',NULL,NULL,'2016-07-21 17:07:27','2016-08-16 21:53:47',NULL,NULL,NULL,'Jorge','male','1a54764018d2d66b2bf1e0f0aeb1649db8d50546','143c5b62068d21e210061263faae6dbf4c912c8e',NULL,'ywTQzz9MaZjAZy5xFxbs','1986-07-20',NULL,NULL,NULL,'2233223323',NULL,NULL,NULL,1,'Patient',NULL,'Pérez',NULL,NULL,NULL,NULL,0,NULL,NULL,NULL,NULL,NULL,NULL,NULL,1,NULL,NULL,NULL,NULL,NULL,NULL,NULL,15422660,'jp@a.com','password','Jorge',NULL,NULL,NULL),(483,'gaut02@gmail.com','$2a$10$Jvl5ptEd5Z9k.pkC27yc4OOrdTx6p3VvAZN/Wgn1T10asmf.vgDRO',NULL,NULL,NULL,30,'2016-07-26 20:30:14','2016-07-26 20:30:14','103.16.29.58','103.16.29.58',NULL,'2016-07-21 19:53:11',NULL,NULL,'2016-07-21 19:53:11','2016-07-26 20:30:14',NULL,'1217246568320531',NULL,'gautam','male','428739a7abfdbd35794cd78c6925fa39b3f01aa8','90a07128e4ceaa24d15f1cce832dc85cb465fb19',NULL,'EAAHrIA7HxXgBAMiOBnPSRtuBBAAPC5J0C03gzrDvQE6GrIPMsFZBZB7UFYlO2F8OobXziZCGWHgruTi82LChwD0NnLqUVqJWImCMcAfnpFQL0TciEivueP4FPhXMVFRAG59MpMP9GU4wnZCmBpNT6sMcVqrwo9TFyf0HJO2aRGF58I6KoJXZBP8IP7MMqxLglej8Vcesj731Knd3lbEJZC','1985-05-02',NULL,NULL,NULL,'9990106663',NULL,NULL,NULL,1,'Patient',NULL,'kumar','13521948_1203299946381860_7334944288007210603_n.jpg','image/jpeg',9457,'2016-07-26 20:29:19',0,NULL,NULL,NULL,NULL,NULL,NULL,NULL,1,3,31,'O+','110092','New delhi',NULL,NULL,15427930,'gaut02@gmail.com','password','gautam',NULL,NULL,NULL),(484,'pankaj.py@gmail.com','$2a$10$ttBD5PLi2xlGJiBkKHsBD.N95jiQGMCbiGXAl623zL2aiKVcyt/jy',NULL,NULL,NULL,6,'2016-07-25 11:10:36','2016-07-22 15:53:27','106.67.122.217','49.15.158.255',NULL,'2016-07-22 15:47:15',NULL,NULL,'2016-07-22 15:47:15','2016-07-25 11:10:36','facebook','10154802568918797',NULL,'Pankaj Pandey','male','65e890ab1e1b4795bf2f65bfc3a6b8d7de185a21','d86a3639c76a3b15832691b8c8bc9a8ab1db2e0b',NULL,'EAAHrIA7HxXgBABnA8gDBq7hHQbGlKiHJEIcEe6nqby51NYyLYZBOwTmIFPyTUI47FjmhkRfaIJCH3SBm5Q5ql5Qvh1ZAadNqsZCNKydlAWkF07ZABBncV57alUhjhZCj5yb4VhgJPmNLDVDbuDlyBZBmnOHs2qoRQZCbd788EBFX0V8pc8xBRQ5y5B8tWJKCq72Na6NYoxm7ElI3FJze1ZBG',NULL,NULL,NULL,NULL,NULL,NULL,NULL,NULL,1,'Patient',NULL,' ','13450120_10154708565523797_8565726379252017549_n.jpg','image/jpeg',8576,'2016-07-22 15:47:15',0,NULL,NULL,NULL,NULL,NULL,NULL,NULL,1,NULL,NULL,NULL,NULL,NULL,NULL,NULL,15465137,'pankaj.py@gmail.com','password','Pankaj Pandey',NULL,NULL,NULL),(485,'sales@betatechnosys.com','$2a$10$kGgcEQy7S.kEYiAH/YJiZeKyS7Ygd/ZHk/9/zb0GRutz6JIGozf0.',NULL,NULL,NULL,0,NULL,NULL,NULL,NULL,NULL,'2016-07-26 20:27:49',NULL,NULL,'2016-07-26 20:27:49','2016-08-12 23:31:49',NULL,NULL,NULL,'Dr. mukesh bharti',NULL,'54039e818e0e591ee78bd2555bca7d1036382d21','85f6604ca4cf5fd03d32349e8c469a8ee658bc36',NULL,'_YzX8JyTfLuMAJzaSWar',NULL,NULL,NULL,NULL,'8588867645',NULL,NULL,NULL,0,'Doctor','Urólogo',NULL,NULL,NULL,NULL,NULL,NULL,NULL,'Dr123456789','India','new delhi',NULL,NULL,NULL,1,NULL,NULL,NULL,NULL,NULL,NULL,NULL,16219207,'sales@betatechnosys.com','password','Dr. mukesh bharti',NULL,NULL,NULL),(486,'hitesh.vasundhara@gmail.com','$2a$10$CTodqLNFRMaM5oRqTmumSOLj.ozdWW5GWd2ijzF401w2ASodz9Qda',NULL,NULL,NULL,2,'2016-07-27 13:32:43','2016-07-27 07:23:45','223.196.70.6','223.196.70.6',NULL,'2016-07-27 07:23:43',NULL,NULL,'2016-07-27 07:23:43','2016-07-27 13:32:43',NULL,NULL,NULL,'unknown','unknown','a454fd728a70fce60f8b5ab0b959d01c7150b3ac','c673f2a534288a4abc0b36c803adffa5a599180a',NULL,'rsAm5NNRVBp1uwBgqez9',NULL,NULL,NULL,NULL,'unknown',NULL,NULL,NULL,1,'Patient',NULL,'unknown',NULL,NULL,NULL,NULL,0,NULL,NULL,NULL,NULL,NULL,NULL,NULL,1,NULL,NULL,NULL,NULL,NULL,NULL,NULL,15639440,'hitesh.vasundhara@gmail.com','password','unknown',NULL,NULL,NULL),(487,'gabyferta@hotmail.com','$2a$10$qxKNCA.HDW03XJ4QRpy0r.ckgUqTT8jBVrYQW28r5hvCT3CGMPJ1K',NULL,NULL,NULL,8,'2016-08-17 22:36:48','2016-08-17 22:36:39','187.190.39.188','187.190.39.188',NULL,'2016-08-04 18:50:38',NULL,NULL,'2016-08-04 18:50:38','2016-08-17 22:36:48',NULL,NULL,NULL,'Fernanda ','Female','c0a73e28aab79c4177fc91e233f2e1a277e7560d','fe8c41542bd7ff1fe122dd64bb042325d433c136',NULL,'UWixq6s8CiTvg3b2KfxL',NULL,NULL,NULL,NULL,'22224074246',NULL,NULL,NULL,1,'Patient',NULL,'Topete Aramburo',NULL,NULL,NULL,NULL,0,NULL,NULL,NULL,NULL,NULL,NULL,NULL,1,NULL,NULL,NULL,NULL,NULL,NULL,NULL,15978259,'gabyferta@hotmail.com','password','Fernanda ',NULL,NULL,NULL),(488,'ivan_san03@hotmail.com','$2a$10$YjFiiab/Xec1lH135R9ZB.gJWQK9LH21bfFs9Rqat0NvulNsaPbba',NULL,NULL,NULL,153,'2016-08-18 00:06:40','2016-08-18 00:06:13','187.190.39.188','187.190.39.188',NULL,'2016-08-09 17:26:19',NULL,NULL,'2016-08-09 17:26:19','2016-08-18 00:06:40',NULL,NULL,NULL,'Ivan','male','0c2b8c0d9a9988797cc7d359bd44aac41a1c63be','569cd2e71d3c0b21b0ab098feb145e2958d7e3b2',NULL,'kGvSoAWy_rppvuHjk-p7','1992-06-03',NULL,NULL,NULL,'2223460244',NULL,NULL,NULL,1,'Patient',NULL,'Santicomani',NULL,NULL,NULL,NULL,0,NULL,NULL,NULL,NULL,NULL,NULL,NULL,1,3,31,'O+',NULL,NULL,NULL,NULL,16170782,'ivan_san03@hotmail.com','password','Ivan',NULL,NULL,NULL),(489,'lezlie.luengas@blueholding.mx','$2a$10$BoGROlYUsiOWg9WJa6NZWeRf6LV.xj2hfKbMLX1X5Ld4.03Amcxsq',NULL,NULL,NULL,21,'2016-08-17 23:53:15','2016-08-17 18:47:33','187.190.39.188','187.190.39.188',NULL,'2016-08-12 23:38:07',NULL,NULL,'2016-08-12 23:38:07','2016-08-17 23:53:15',NULL,NULL,NULL,'Lezlie Luengas',NULL,'b78f167bbfdb55d21b716854dfac6a672e73972a','65996f4f37700e094aa611559b2114a60b483d1a',NULL,'DG4yB4GqWCwgSEr6uDyh',NULL,NULL,NULL,NULL,'2225461013',NULL,NULL,NULL,1,'Doctor','Pediatra',NULL,NULL,NULL,NULL,NULL,0,NULL,'1234567790','México','Puebla',NULL,NULL,NULL,NULL,NULL,NULL,NULL,NULL,NULL,NULL,NULL,16301288,'lezlie.luengas@blueholding.mx','password','Lezlie Luengas',NULL,NULL,NULL),(490,'fcarvajal@boldblue.mx','$2a$10$cR.ZSZEbhafkNQwfpuFPDuDv51/t7/4Cs6.TGoafUPaqi5JhxEvzu',NULL,NULL,NULL,3,'2016-08-17 23:53:13','2016-08-16 22:31:47','187.190.39.188','187.190.39.188',NULL,'2016-08-15 18:00:21',NULL,NULL,'2016-08-15 18:00:21','2016-08-17 23:53:13',NULL,NULL,NULL,'Fernando Carvajal',NULL,'0e4abf7a4fbdaa9c8ecc6251b4b1139301a79111','348784da5589e56128a9b4f35721916f4faac020',NULL,'2jHpDe3t4JySw1bXo_zm',NULL,NULL,NULL,NULL,'2224841201',NULL,NULL,NULL,1,'Doctor','Cardiólogo',NULL,NULL,NULL,NULL,NULL,0,NULL,'cardiologo','Mexico','Puebla',NULL,NULL,NULL,NULL,NULL,NULL,NULL,NULL,NULL,NULL,NULL,16410163,'fcarvajal@boldblue.mx','password','Fernando Carvajal',NULL,NULL,NULL),(491,'isanticomani@boldblue.mx','$2a$10$wA3Ukm5Qm5QuqUHjbiPvD.WQZvXbuKc6YWFQpmYe/w1vz8FwdLZMq',NULL,NULL,NULL,72,'2016-08-17 22:39:23','2016-08-17 22:38:51','187.190.39.188','187.190.39.188',NULL,'2016-08-15 23:08:24',NULL,NULL,'2016-08-15 23:08:24','2016-08-17 22:39:23',NULL,NULL,NULL,'Alcatel',NULL,'7bc0a52368949b74b94d2d1f102a3b0bce422a0a','e91d0adddf89010c913415b6488f34d138de920b',NULL,'srySkNcTb7PMa66u5f9t',NULL,NULL,NULL,NULL,'2223460244',NULL,NULL,NULL,1,'Doctor','Alergólogo',NULL,NULL,NULL,NULL,NULL,0,NULL,'123456789','United States','puebla',NULL,NULL,NULL,1,NULL,NULL,NULL,NULL,NULL,NULL,NULL,16419675,'isanticomani@boldblue.mx','password','alctel',NULL,NULL,NULL),(492,'mi_ky6969@live.com.mx','$2a$10$UAr24NQFPqwzP/ouxwp5mu8LP4yqeKBZh0t3GWjRNRlz4rJc84wxi',NULL,NULL,NULL,1,'2016-08-16 21:19:44','2016-08-16 21:19:44','187.216.232.120','187.216.232.120',NULL,'2016-08-16 21:19:42',NULL,NULL,'2016-08-16 21:19:42','2016-08-16 21:19:44',NULL,NULL,NULL,'Miguel ','Male','0266d3169d65a11c2da20465e378d4808dab88c2','5167d3033af11357b29e64ad45bd1cc15add88c7',NULL,'4kN4A7uKjiHzSZsmmdiC','1982-10-14',NULL,NULL,NULL,'2226803650',NULL,NULL,NULL,1,'Patient',NULL,'Gómez',NULL,NULL,NULL,NULL,NULL,NULL,NULL,NULL,NULL,NULL,NULL,NULL,1,NULL,NULL,NULL,NULL,NULL,NULL,NULL,16458691,'mi_ky6969@live.com.mx','password','Miguel ',NULL,NULL,NULL);
/*!40000 ALTER TABLE `users` ENABLE KEYS */;
UNLOCK TABLES;
/*!40103 SET TIME_ZONE=@OLD_TIME_ZONE */;

/*!40101 SET SQL_MODE=@OLD_SQL_MODE */;
/*!40014 SET FOREIGN_KEY_CHECKS=@OLD_FOREIGN_KEY_CHECKS */;
/*!40014 SET UNIQUE_CHECKS=@OLD_UNIQUE_CHECKS */;
/*!40101 SET CHARACTER_SET_CLIENT=@OLD_CHARACTER_SET_CLIENT */;
/*!40101 SET CHARACTER_SET_RESULTS=@OLD_CHARACTER_SET_RESULTS */;
/*!40101 SET COLLATION_CONNECTION=@OLD_COLLATION_CONNECTION */;
/*!40111 SET SQL_NOTES=@OLD_SQL_NOTES */;

-- Dump completed on 2016-09-02 22:52:49
